item_id,dept_id,cat_id,store_id,state_id,sales,date,wm_yr_wk,weekday,wday,month,year,event_name_1,event_type_1,event_name_2,event_type_2,snap_CA,snap_TX,snap_WI,sell_price,lag_1,lag_7,rolling_mean_7,rolling_std_7
HOBBIES_2_108,HOBBIES_2,HOBBIES,CA_1,CA,0.0,2013-02-05,11302,Tuesday,4,2,2013,No Event,No Event,No Event,No Event,1,1,1,2.97,0.0,0.0,0.0,0.0
HOBBIES_1_008,HOBBIES_1,HOBBIES,CA_1,CA,32.0,2016-05-22,11617,Sunday,2,5,2016,No Event,No Event,No Event,No Event,0,0,0,0.48,40.0,6.0,10.142857142857142,14.040757000349284
HOBBIES_1_170,HOBBIES_1,HOBBIES,CA_1,CA,1.0,2016-05-22,11617,Sunday,2,5,2016,No Event,No Event,No Event,No Event,0,0,0,17.97,0.0,1.0,0.1428571428571428,0.3779644730092254
HOBBIES_1_082,HOBBIES_1,HOBBIES,CA_1,CA,0.0,2016-05-22,11617,Sunday,2,5,2016,No Event,No Event,No Event,No Event,0,0,0,3.78,0.0,1.0,0.1428571428571428,0.3779644730092277
HOBBIES_1_285,HOBBIES_1,HOBBIES,CA_1,CA,0.0,2016-05-22,11617,Sunday,2,5,2016,No Event,No Event,No Event,No Event,0,0,0,10.88,0.0,0.0,0.0,0.0
HOBBIES_1_041,HOBBIES_1,HOBBIES,CA_1,CA,1.0,2016-05-22,11617,Sunday,2,5,2016,No Event,No Event,No Event,No Event,0,0,0,4.22,1.0,1.0,0.5714285714285714,0.7867957924694426
HOBBIES_2_051,HOBBIES_2,HOBBIES,CA_1,CA,0.0,2016-05-22,11617,Sunday,2,5,2016,No Event,No Event,No Event,No Event,0,0,0,1.97,0.0,1.0,0.1428571428571428,0.3779644730092322
HOBBIES_1_171,HOBBIES_1,HOBBIES,CA_1,CA,2.0,2016-05-22,11617,Sunday,2,5,2016,No Event,No Event,No Event,No Event,0,0,0,2.88,0.0,1.0,0.2857142857142857,0.4879500364742677
HOBBIES_1_188,HOBBIES_1,HOBBIES,CA_1,CA,0.0,2016-05-22,11617,Sunday,2,5,2016,No Event,No Event,No Event,No Event,0,0,0,12.88,0.0,0.0,0.1428571428571428,0.3779644730092266
HOBBIES_1_327,HOBBIES_1,HOBBIES,CA_1,CA,2.0,2016-05-22,11617,Sunday,2,5,2016,No Event,No Event,No Event,No Event,0,0,0,7.88,2.0,0.0,1.0,1.1547005383792548
HOBBIES_1_256,HOBBIES_1,HOBBIES,CA_1,CA,1.0,2016-05-22,11617,Sunday,2,5,2016,No Event,No Event,No Event,No Event,0,0,0,0.48,22.0,0.0,5.857142857142857,7.668736780560647
HOBBIES_1_258,HOBBIES_1,HOBBIES,CA_1,CA,0.0,2016-05-22,11617,Sunday,2,5,2016,No Event,No Event,No Event,No Event,0,0,0,11.78,0.0,0.0,1.2857142857142858,0.9511897312113492
HOBBIES_1_111,HOBBIES_1,HOBBIES,CA_1,CA,1.0,2016-05-22,11617,Sunday,2,5,2016,No Event,No Event,No Event,No Event,0,0,0,2.92,0.0,0.0,0.2857142857142857,0.4879500364742705
HOBBIES_2_005,HOBBIES_2,HOBBIES,CA_1,CA,0.0,2016-05-22,11617,Sunday,2,5,2016,No Event,No Event,No Event,No Event,0,0,0,4.47,0.0,0.0,0.0,0.0
HOBBIES_1_245,HOBBIES_1,HOBBIES,CA_1,CA,0.0,2016-05-22,11617,Sunday,2,5,2016,No Event,No Event,No Event,No Event,0,0,0,4.97,0.0,0.0,0.0,0.0
HOBBIES_1_015,HOBBIES_1,HOBBIES,CA_1,CA,4.0,2016-05-22,11617,Sunday,2,5,2016,No Event,No Event,No Event,No Event,0,0,0,0.7,5.0,0.0,1.2857142857142858,2.214669705568384
HOBBIES_1_137,HOBBIES_1,HOBBIES,CA_1,CA,1.0,2016-05-22,11617,Sunday,2,5,2016,No Event,No Event,No Event,No Event,0,0,0,9.83,2.0,0.0,0.8571428571428571,1.0690449676496985
HOBBIES_1_178,HOBBIES_1,HOBBIES,CA_1,CA,6.0,2016-05-22,11617,Sunday,2,5,2016,No Event,No Event,No Event,No Event,0,0,0,0.48,0.0,19.0,3.857142857142857,6.914443130832973
HOBBIES_1_150,HOBBIES_1,HOBBIES,CA_1,CA,0.0,2016-05-22,11617,Sunday,2,5,2016,No Event,No Event,No Event,No Event,0,0,0,1.77,2.0,0.0,0.7142857142857143,0.9511897312113182
HOBBIES_1_257,HOBBIES_1,HOBBIES,CA_1,CA,0.0,2016-05-22,11617,Sunday,2,5,2016,No Event,No Event,No Event,No Event,0,0,0,16.76,0.0,0.0,0.1428571428571428,0.3779644730092258
HOBBIES_1_292,HOBBIES_1,HOBBIES,CA_1,CA,1.0,2016-05-22,11617,Sunday,2,5,2016,No Event,No Event,No Event,No Event,0,0,0,6.58,1.0,0.0,0.2857142857142857,0.4879500364742684
HOBBIES_1_211,HOBBIES_1,HOBBIES,CA_1,CA,1.0,2016-05-22,11617,Sunday,2,5,2016,No Event,No Event,No Event,No Event,0,0,0,4.72,1.0,2.0,0.8571428571428571,0.6900655593423678
HOBBIES_1_200,HOBBIES_1,HOBBIES,CA_1,CA,2.0,2016-05-22,11617,Sunday,2,5,2016,No Event,No Event,No Event,No Event,0,0,0,7.88,0.0,0.0,0.4285714285714285,0.786795792469445
HOBBIES_2_083,HOBBIES_2,HOBBIES,CA_1,CA,0.0,2016-05-22,11617,Sunday,2,5,2016,No Event,No Event,No Event,No Event,0,0,0,2.88,0.0,0.0,0.2857142857142857,0.4879500364742713
HOBBIES_1_356,HOBBIES_1,HOBBIES,CA_1,CA,2.0,2016-05-22,11617,Sunday,2,5,2016,No Event,No Event,No Event,No Event,0,0,0,5.76,2.0,0.0,1.1428571428571428,0.8997354108424371
HOBBIES_2_067,HOBBIES_2,HOBBIES,CA_1,CA,0.0,2016-05-22,11617,Sunday,2,5,2016,No Event,No Event,No Event,No Event,0,0,0,2.97,0.0,0.0,0.0,0.0
HOBBIES_1_186,HOBBIES_1,HOBBIES,CA_1,CA,1.0,2016-05-22,11617,Sunday,2,5,2016,No Event,No Event,No Event,No Event,0,0,0,15.92,1.0,3.0,1.2857142857142858,1.1126972805283732
HOBBIES_1_386,HOBBIES_1,HOBBIES,CA_1,CA,0.0,2016-05-22,11617,Sunday,2,5,2016,No Event,No Event,No Event,No Event,0,0,0,5.86,1.0,1.0,0.5714285714285714,0.7867957924694426
HOBBIES_1_233,HOBBIES_1,HOBBIES,CA_1,CA,0.0,2016-05-22,11617,Sunday,2,5,2016,No Event,No Event,No Event,No Event,0,0,0,0.7,0.0,0.0,0.0,0.0
HOBBIES_1_387,HOBBIES_1,HOBBIES,CA_1,CA,3.0,2016-05-22,11617,Sunday,2,5,2016,No Event,No Event,No Event,No Event,0,0,0,1.08,10.0,9.0,6.285714285714286,5.407226205560081
HOBBIES_1_091,HOBBIES_1,HOBBIES,CA_1,CA,1.0,2016-05-22,11617,Sunday,2,5,2016,No Event,No Event,No Event,No Event,0,0,0,0.7,0.0,0.0,0.2857142857142857,0.4879500364742757
HOBBIES_1_385,HOBBIES_1,HOBBIES,CA_1,CA,1.0,2016-05-22,11617,Sunday,2,5,2016,No Event,No Event,No Event,No Event,0,0,0,9.97,0.0,0.0,0.2857142857142857,0.487950036474266
HOBBIES_1_066,HOBBIES_1,HOBBIES,CA_1,CA,0.0,2016-05-22,11617,Sunday,2,5,2016,No Event,No Event,No Event,No Event,0,0,0,1.25,0.0,0.0,0.0,0.0
HOBBIES_2_001,HOBBIES_2,HOBBIES,CA_1,CA,0.0,2016-05-22,11617,Sunday,2,5,2016,No Event,No Event,No Event,No Event,0,0,0,5.47,0.0,0.0,0.0,0.0
HOBBIES_1_090,HOBBIES_1,HOBBIES,CA_1,CA,0.0,2016-05-22,11617,Sunday,2,5,2016,No Event,No Event,No Event,No Event,0,0,0,1.08,8.0,0.0,3.571428571428572,4.75594865605671
HOBBIES_1_400,HOBBIES_1,HOBBIES,CA_1,CA,0.0,2016-05-22,11617,Sunday,2,5,2016,No Event,No Event,No Event,No Event,0,0,0,1.14,0.0,1.0,0.1428571428571428,0.3779644730091602
HOBBIES_1_313,HOBBIES_1,HOBBIES,CA_1,CA,5.0,2016-05-22,11617,Sunday,2,5,2016,No Event,No Event,No Event,No Event,0,0,0,1.23,0.0,1.0,0.8571428571428571,1.4638501094227925
HOBBIES_1_217,HOBBIES_1,HOBBIES,CA_1,CA,0.0,2016-05-22,11617,Sunday,2,5,2016,No Event,No Event,No Event,No Event,0,0,0,3.47,0.0,0.0,0.0,0.0
HOBBIES_1_312,HOBBIES_1,HOBBIES,CA_1,CA,0.0,2016-05-22,11617,Sunday,2,5,2016,No Event,No Event,No Event,No Event,0,0,0,0.57,3.0,9.0,3.4285714285714284,3.4086724129853825
HOBBIES_2_107,HOBBIES_2,HOBBIES,CA_1,CA,0.0,2016-05-22,11617,Sunday,2,5,2016,No Event,No Event,No Event,No Event,0,0,0,0.5,1.0,0.0,0.2857142857142857,0.4879500364742659
HOBBIES_1_016,HOBBIES_1,HOBBIES,CA_1,CA,6.0,2016-05-22,11617,Sunday,2,5,2016,No Event,No Event,No Event,No Event,0,0,0,0.7,12.0,0.0,3.4285714285714284,4.755948656056644
HOBBIES_2_094,HOBBIES_2,HOBBIES,CA_1,CA,0.0,2016-05-22,11617,Sunday,2,5,2016,No Event,No Event,No Event,No Event,0,0,0,1.97,0.0,0.0,0.1428571428571428,0.3779644730092258
HOBBIES_2_025,HOBBIES_2,HOBBIES,CA_1,CA,0.0,2016-05-22,11617,Sunday,2,5,2016,No Event,No Event,No Event,No Event,0,0,0,0.5,0.0,1.0,0.1428571428571428,0.3779644730092268
HOBBIES_1_223,HOBBIES_1,HOBBIES,CA_1,CA,0.0,2016-05-22,11617,Sunday,2,5,2016,No Event,No Event,No Event,No Event,0,0,0,1.12,0.0,1.0,2.2857142857142856,5.618845839799177
HOBBIES_1_192,HOBBIES_1,HOBBIES,CA_1,CA,0.0,2016-05-22,11617,Sunday,2,5,2016,No Event,No Event,No Event,No Event,0,0,0,3.54,0.0,0.0,0.1428571428571428,0.3779644730092268
HOBBIES_2_059,HOBBIES_2,HOBBIES,CA_1,CA,4.0,2016-05-22,11617,Sunday,2,5,2016,No Event,No Event,No Event,No Event,0,0,0,0.23,0.0,0.0,0.4285714285714285,0.7867957924694099
HOBBIES_2_050,HOBBIES_2,HOBBIES,CA_1,CA,0.0,2016-05-22,11617,Sunday,2,5,2016,No Event,No Event,No Event,No Event,0,0,0,1.97,0.0,0.0,0.0,0.0
HOBBIES_1_261,HOBBIES_1,HOBBIES,CA_1,CA,0.0,2016-05-22,11617,Sunday,2,5,2016,No Event,No Event,No Event,No Event,0,0,0,0.48,47.0,31.0,11.714285714285714,19.25888786780696
HOBBIES_1_168,HOBBIES_1,HOBBIES,CA_1,CA,0.0,2016-05-22,11617,Sunday,2,5,2016,No Event,No Event,No Event,No Event,0,0,0,4.83,1.0,0.0,0.4285714285714285,0.5345224838248491
HOBBIES_1_293,HOBBIES_1,HOBBIES,CA_1,CA,0.0,2016-05-22,11617,Sunday,2,5,2016,No Event,No Event,No Event,No Event,0,0,0,3.68,0.0,0.0,0.5714285714285714,0.7867957924694442
HOBBIES_1_149,HOBBIES_1,HOBBIES,CA_1,CA,0.0,2016-05-22,11617,Sunday,2,5,2016,No Event,No Event,No Event,No Event,0,0,0,1.56,0.0,1.0,0.7142857142857143,0.9511897312113466
HOBBIES_1_093,HOBBIES_1,HOBBIES,CA_1,CA,1.0,2016-05-22,11617,Sunday,2,5,2016,No Event,No Event,No Event,No Event,0,0,0,19.96,2.0,2.0,0.7142857142857143,0.9511897312113416
HOBBIES_1_382,HOBBIES_1,HOBBIES,CA_1,CA,0.0,2016-05-22,11617,Sunday,2,5,2016,No Event,No Event,No Event,No Event,0,0,0,1.97,2.0,1.0,1.0,0.8164965809277256
HOBBIES_1_035,HOBBIES_1,HOBBIES,CA_1,CA,0.0,2016-05-22,11617,Sunday,2,5,2016,No Event,No Event,No Event,No Event,0,0,0,2.12,0.0,0.0,0.0,0.0
HOBBIES_1_139,HOBBIES_1,HOBBIES,CA_1,CA,2.0,2016-05-22,11617,Sunday,2,5,2016,No Event,No Event,No Event,No Event,0,0,0,2.74,1.0,1.0,1.1428571428571428,1.3451854182690943
HOBBIES_2_006,HOBBIES_2,HOBBIES,CA_1,CA,0.0,2016-05-22,11617,Sunday,2,5,2016,No Event,No Event,No Event,No Event,0,0,0,3.97,0.0,0.0,0.5714285714285714,1.5118578920369083
HOBBIES_1_063,HOBBIES_1,HOBBIES,CA_1,CA,0.0,2016-05-22,11617,Sunday,2,5,2016,No Event,No Event,No Event,No Event,0,0,0,5.47,0.0,1.0,0.1428571428571428,0.3779644730092283
HOBBIES_1_357,HOBBIES_1,HOBBIES,CA_1,CA,0.0,2016-05-22,11617,Sunday,2,5,2016,No Event,No Event,No Event,No Event,0,0,0,14.48,0.0,1.0,1.5714285714285714,3.7352886036263575
HOBBIES_1_110,HOBBIES_1,HOBBIES,CA_1,CA,0.0,2016-05-22,11617,Sunday,2,5,2016,No Event,No Event,No Event,No Event,0,0,0,3.67,0.0,2.0,0.2857142857142857,0.7559289460184548
HOBBIES_1_402,HOBBIES_1,HOBBIES,CA_1,CA,1.0,2016-05-22,11617,Sunday,2,5,2016,No Event,No Event,No Event,No Event,0,0,0,9.94,0.0,1.0,0.1428571428571428,0.3779644730092272
HOBBIES_1_081,HOBBIES_1,HOBBIES,CA_1,CA,1.0,2016-05-22,11617,Sunday,2,5,2016,No Event,No Event,No Event,No Event,0,0,0,14.72,1.0,0.0,0.5714285714285714,0.534522483824863
HOBBIES_1_329,HOBBIES_1,HOBBIES,CA_1,CA,2.0,2016-05-22,11617,Sunday,2,5,2016,No Event,No Event,No Event,No Event,0,0,0,3.97,2.0,8.0,2.4285714285714284,2.7602622373694183
HOBBIES_1_127,HOBBIES_1,HOBBIES,CA_1,CA,2.0,2016-05-22,11617,Sunday,2,5,2016,No Event,No Event,No Event,No Event,0,0,0,1.22,0.0,0.0,0.0,0.0
HOBBIES_1_050,HOBBIES_1,HOBBIES,CA_1,CA,1.0,2016-05-22,11617,Sunday,2,5,2016,No Event,No Event,No Event,No Event,0,0,0,10.98,1.0,2.0,1.1428571428571428,0.6900655593423553
HOBBIES_1_215,HOBBIES_1,HOBBIES,CA_1,CA,0.0,2016-05-22,11617,Sunday,2,5,2016,No Event,No Event,No Event,No Event,0,0,0,10.98,0.0,3.0,0.7142857142857143,1.1126972805283737
HOBBIES_1_310,HOBBIES_1,HOBBIES,CA_1,CA,0.0,2016-05-22,11617,Sunday,2,5,2016,No Event,No Event,No Event,No Event,0,0,0,5.72,0.0,1.0,0.1428571428571428,0.3779644730092236
HOBBIES_1_154,HOBBIES_1,HOBBIES,CA_1,CA,1.0,2016-05-22,11617,Sunday,2,5,2016,No Event,No Event,No Event,No Event,0,0,0,2.88,2.0,2.0,2.142857142857143,2.267786838055362
HOBBIES_1_381,HOBBIES_1,HOBBIES,CA_1,CA,0.0,2016-05-22,11617,Sunday,2,5,2016,No Event,No Event,No Event,No Event,0,0,0,0.7,0.0,0.0,3.4285714285714284,4.035556254807308
HOBBIES_2_041,HOBBIES_2,HOBBIES,CA_1,CA,3.0,2016-05-22,11617,Sunday,2,5,2016,No Event,No Event,No Event,No Event,0,0,0,1.97,3.0,1.0,0.8571428571428571,1.0690449676496938
HOBBIES_2_081,HOBBIES_2,HOBBIES,CA_1,CA,0.0,2016-05-22,11617,Sunday,2,5,2016,No Event,No Event,No Event,No Event,0,0,0,1.97,0.0,0.0,0.5714285714285714,0.7867957924694439
HOBBIES_2_058,HOBBIES_2,HOBBIES,CA_1,CA,0.0,2016-05-22,11617,Sunday,2,5,2016,No Event,No Event,No Event,No Event,0,0,0,0.5,0.0,0.0,0.1428571428571428,0.3779644730092286
HOBBIES_1_011,HOBBIES_1,HOBBIES,CA_1,CA,0.0,2016-05-22,11617,Sunday,2,5,2016,No Event,No Event,No Event,No Event,0,0,0,3.48,0.0,0.0,0.0,0.0
HOBBIES_1_023,HOBBIES_1,HOBBIES,CA_1,CA,2.0,2016-05-22,11617,Sunday,2,5,2016,No Event,No Event,No Event,No Event,0,0,0,2.97,0.0,1.0,0.8571428571428571,0.6900655593423634
HOBBIES_1_230,HOBBIES_1,HOBBIES,CA_1,CA,0.0,2016-05-22,11617,Sunday,2,5,2016,No Event,No Event,No Event,No Event,0,0,0,4.48,1.0,0.0,0.1428571428571428,0.377964473009227
HOBBIES_2_024,HOBBIES_2,HOBBIES,CA_1,CA,0.0,2016-05-22,11617,Sunday,2,5,2016,No Event,No Event,No Event,No Event,0,0,0,4.77,0.0,1.0,0.5714285714285714,0.786795792469441
HOBBIES_1_051,HOBBIES_1,HOBBIES,CA_1,CA,0.0,2016-05-22,11617,Sunday,2,5,2016,No Event,No Event,No Event,No Event,0,0,0,5.98,0.0,0.0,0.0,0.0
HOBBIES_1_030,HOBBIES_1,HOBBIES,CA_1,CA,6.0,2016-05-22,11617,Sunday,2,5,2016,No Event,No Event,No Event,No Event,0,0,0,0.7,17.0,11.0,5.428571428571429,6.502746672423454
HOBBIES_1_043,HOBBIES_1,HOBBIES,CA_1,CA,0.0,2016-05-22,11617,Sunday,2,5,2016,No Event,No Event,No Event,No Event,0,0,0,0.7,0.0,0.0,0.8571428571428571,2.2677868380554416
HOBBIES_1_259,HOBBIES_1,HOBBIES,CA_1,CA,0.0,2016-05-22,11617,Sunday,2,5,2016,No Event,No Event,No Event,No Event,0,0,0,0.97,1.0,1.0,0.2857142857142857,0.487950036474265
HOBBIES_2_101,HOBBIES_2,HOBBIES,CA_1,CA,0.0,2016-05-22,11617,Sunday,2,5,2016,No Event,No Event,No Event,No Event,0,0,0,0.5,0.0,0.0,0.2857142857142857,0.4879500364742674
HOBBIES_1_169,HOBBIES_1,HOBBIES,CA_1,CA,4.0,2016-05-22,11617,Sunday,2,5,2016,No Event,No Event,No Event,No Event,0,0,0,0.57,27.0,13.0,10.857142857142858,9.61645415297085
HOBBIES_1_002,HOBBIES_1,HOBBIES,CA_1,CA,0.0,2016-05-22,11617,Sunday,2,5,2016,No Event,No Event,No Event,No Event,0,0,0,3.97,0.0,2.0,0.5714285714285714,0.7867957924694428
HOBBIES_1_424,HOBBIES_1,HOBBIES,CA_1,CA,1.0,2016-05-22,11617,Sunday,2,5,2016,No Event,No Event,No Event,No Event,0,0,0,1.77,1.0,0.0,0.1428571428571428,0.3779644730093047
HOBBIES_2_089,HOBBIES_2,HOBBIES,CA_1,CA,0.0,2016-05-22,11617,Sunday,2,5,2016,No Event,No Event,No Event,No Event,0,0,0,2.97,0.0,1.0,0.4285714285714285,0.5345224838248486
HOBBIES_1_244,HOBBIES_1,HOBBIES,CA_1,CA,14.0,2016-05-22,11617,Sunday,2,5,2016,No Event,No Event,No Event,No Event,0,0,0,0.48,6.0,8.0,6.285714285714286,5.794085654478062
HOBBIES_2_011,HOBBIES_2,HOBBIES,CA_1,CA,0.0,2016-05-22,11617,Sunday,2,5,2016,No Event,No Event,No Event,No Event,0,0,0,0.97,1.0,2.0,0.8571428571428571,0.8997354108424372
HOBBIES_2_017,HOBBIES_2,HOBBIES,CA_1,CA,0.0,2016-05-22,11617,Sunday,2,5,2016,No Event,No Event,No Event,No Event,0,0,0,0.5,1.0,0.0,0.2857142857142857,0.4879500364742657
HOBBIES_1_260,HOBBIES_1,HOBBIES,CA_1,CA,3.0,2016-05-22,11617,Sunday,2,5,2016,No Event,No Event,No Event,No Event,0,0,0,12.44,0.0,1.0,0.5714285714285714,0.7867957924694429
HOBBIES_1_092,HOBBIES_1,HOBBIES,CA_1,CA,0.0,2016-05-22,11617,Sunday,2,5,2016,No Event,No Event,No Event,No Event,0,0,0,2.38,0.0,0.0,0.0,0.0
HOBBIES_1_115,HOBBIES_1,HOBBIES,CA_1,CA,1.0,2016-05-22,11617,Sunday,2,5,2016,No Event,No Event,No Event,No Event,0,0,0,0.68,1.0,0.0,0.4285714285714285,0.7867957924694341
HOBBIES_1_328,HOBBIES_1,HOBBIES,CA_1,CA,1.0,2016-05-22,11617,Sunday,2,5,2016,No Event,No Event,No Event,No Event,0,0,0,6.72,0.0,0.0,0.5714285714285714,0.9759000729485316
HOBBIES_1_128,HOBBIES_1,HOBBIES,CA_1,CA,0.0,2016-05-22,11617,Sunday,2,5,2016,No Event,No Event,No Event,No Event,0,0,0,7.98,1.0,0.0,0.1428571428571428,0.3779644730092259
HOBBIES_2_082,HOBBIES_2,HOBBIES,CA_1,CA,0.0,2016-05-22,11617,Sunday,2,5,2016,No Event,No Event,No Event,No Event,0,0,0,0.88,0.0,0.0,0.0,0.0
HOBBIES_1_349,HOBBIES_1,HOBBIES,CA_1,CA,1.0,2016-05-22,11617,Sunday,2,5,2016,No Event,No Event,No Event,No Event,0,0,0,9.98,1.0,3.0,0.8571428571428571,1.214985792587901
HOBBIES_2_037,HOBBIES_2,HOBBIES,CA_1,CA,0.0,2016-05-22,11617,Sunday,2,5,2016,No Event,No Event,No Event,No Event,0,0,0,0.97,1.0,0.0,0.2857142857142857,0.4879500364742659
HOBBIES_1_401,HOBBIES_1,HOBBIES,CA_1,CA,1.0,2016-05-22,11617,Sunday,2,5,2016,No Event,No Event,No Event,No Event,0,0,0,1.97,0.0,1.0,0.5714285714285714,0.7867957924694421
HOBBIES_2_016,HOBBIES_2,HOBBIES,CA_1,CA,0.0,2016-05-22,11617,Sunday,2,5,2016,No Event,No Event,No Event,No Event,0,0,0,4.97,0.0,0.0,0.1428571428571428,0.3779644730092271
HOBBIES_1_138,HOBBIES_1,HOBBIES,CA_1,CA,0.0,2016-05-22,11617,Sunday,2,5,2016,No Event,No Event,No Event,No Event,0,0,0,5.88,0.0,1.0,0.7142857142857143,1.1126972805283737
HOBBIES_1_311,HOBBIES_1,HOBBIES,CA_1,CA,0.0,2016-05-22,11617,Sunday,2,5,2016,No Event,No Event,No Event,No Event,0,0,0,17.98,0.0,0.0,0.5714285714285714,0.5345224838248477
HOBBIES_2_106,HOBBIES_2,HOBBIES,CA_1,CA,0.0,2016-05-22,11617,Sunday,2,5,2016,No Event,No Event,No Event,No Event,0,0,0,0.97,0.0,0.0,0.0,0.0
HOBBIES_1_005,HOBBIES_1,HOBBIES,CA_1,CA,0.0,2016-05-22,11617,Sunday,2,5,2016,No Event,No Event,No Event,No Event,0,0,0,2.88,1.0,0.0,0.8571428571428571,0.8997354108424376
HOBBIES_1_383,HOBBIES_1,HOBBIES,CA_1,CA,0.0,2016-05-22,11617,Sunday,2,5,2016,No Event,No Event,No Event,No Event,0,0,0,2.98,0.0,2.0,0.4285714285714285,0.7867957924694459
HOBBIES_2_070,HOBBIES_2,HOBBIES,CA_1,CA,0.0,2016-05-22,11617,Sunday,2,5,2016,No Event,No Event,No Event,No Event,0,0,0,9.97,0.0,0.0,0.0,0.0
HOBBIES_1_384,HOBBIES_1,HOBBIES,CA_1,CA,2.0,2016-05-22,11617,Sunday,2,5,2016,No Event,No Event,No Event,No Event,0,0,0,9.98,1.0,2.0,1.1428571428571428,0.8997354108424348
HOBBIES_1_060,HOBBIES_1,HOBBIES,CA_1,CA,0.0,2016-05-22,11617,Sunday,2,5,2016,No Event,No Event,No Event,No Event,0,0,0,29.96,0.0,1.0,0.1428571428571428,0.3779644730092248
HOBBIES_1_399,HOBBIES_1,HOBBIES,CA_1,CA,0.0,2016-05-22,11617,Sunday,2,5,2016,No Event,No Event,No Event,No Event,0,0,0,1.97,2.0,0.0,0.4285714285714285,0.7867957924694372
HOBBIES_1_326,HOBBIES_1,HOBBIES,CA_1,CA,0.0,2016-05-22,11617,Sunday,2,5,2016,No Event,No Event,No Event,No Event,0,0,0,1.97,0.0,3.0,1.2857142857142858,1.7043362064926943
HOBBIES_2_069,HOBBIES_2,HOBBIES,CA_1,CA,1.0,2016-05-22,11617,Sunday,2,5,2016,No Event,No Event,No Event,No Event,0,0,0,2.97,0.0,0.0,0.0,0.0
HOBBIES_1_289,HOBBIES_1,HOBBIES,CA_1,CA,0.0,2016-05-22,11617,Sunday,2,5,2016,No Event,No Event,No Event,No Event,0,0,0,4.97,0.0,0.0,0.0,0.0
HOBBIES_1_086,HOBBIES_1,HOBBIES,CA_1,CA,1.0,2016-05-22,11617,Sunday,2,5,2016,No Event,No Event,No Event,No Event,0,0,0,8.38,0.0,0.0,0.5714285714285714,0.7867957924694545
HOBBIES_2_004,HOBBIES_2,HOBBIES,CA_1,CA,1.0,2016-05-22,11617,Sunday,2,5,2016,No Event,No Event,No Event,No Event,0,0,0,2.47,3.0,0.0,0.4285714285714285,1.1338934190276817
HOBBIES_1_064,HOBBIES_1,HOBBIES,CA_1,CA,0.0,2016-05-22,11617,Sunday,2,5,2016,No Event,No Event,No Event,No Event,0,0,0,12.97,0.0,0.0,0.0,0.0
HOBBIES_1_393,HOBBIES_1,HOBBIES,CA_1,CA,0.0,2016-05-22,11617,Sunday,2,5,2016,No Event,No Event,No Event,No Event,0,0,0,28.96,0.0,0.0,0.4285714285714285,0.7867957924694431
HOBBIES_1_151,HOBBIES_1,HOBBIES,CA_1,CA,1.0,2016-05-22,11617,Sunday,2,5,2016,No Event,No Event,No Event,No Event,0,0,0,5.47,0.0,1.0,0.7142857142857143,0.4879500364742672
HOBBIES_1_353,HOBBIES_1,HOBBIES,CA_1,CA,0.0,2016-05-22,11617,Sunday,2,5,2016,No Event,No Event,No Event,No Event,0,0,0,1.08,17.0,5.0,7.571428571428571,7.207800007795773
HOBBIES_1_397,HOBBIES_1,HOBBIES,CA_1,CA,1.0,2016-05-22,11617,Sunday,2,5,2016,No Event,No Event,No Event,No Event,0,0,0,3.98,2.0,2.0,1.7142857142857142,0.7559289460184543
HOBBIES_1_084,HOBBIES_1,HOBBIES,CA_1,CA,2.0,2016-05-22,11617,Sunday,2,5,2016,No Event,No Event,No Event,No Event,0,0,0,3.94,0.0,2.0,0.8571428571428571,0.8997354108424337
HOBBIES_1_033,HOBBIES_1,HOBBIES,CA_1,CA,0.0,2016-05-22,11617,Sunday,2,5,2016,No Event,No Event,No Event,No Event,0,0,0,16.86,2.0,0.0,0.2857142857142857,0.755928946018454
HOBBIES_1_032,HOBBIES_1,HOBBIES,CA_1,CA,0.0,2016-05-22,11617,Sunday,2,5,2016,No Event,No Event,No Event,No Event,0,0,0,0.57,0.0,14.0,4.571428571428571,5.2553827281224335
HOBBIES_2_086,HOBBIES_2,HOBBIES,CA_1,CA,0.0,2016-05-22,11617,Sunday,2,5,2016,No Event,No Event,No Event,No Event,0,0,0,0.97,0.0,0.0,0.2857142857142857,0.4879500364742669
HOBBIES_1_042,HOBBIES_1,HOBBIES,CA_1,CA,1.0,2016-05-22,11617,Sunday,2,5,2016,No Event,No Event,No Event,No Event,0,0,0,7.83,0.0,0.0,0.2857142857142857,0.755928946018454
HOBBIES_1_318,HOBBIES_1,HOBBIES,CA_1,CA,0.0,2016-05-22,11617,Sunday,2,5,2016,No Event,No Event,No Event,No Event,0,0,0,3.96,1.0,1.0,0.7142857142857143,0.4879500364742673
HOBBIES_1_053,HOBBIES_1,HOBBIES,CA_1,CA,5.0,2016-05-22,11617,Sunday,2,5,2016,No Event,No Event,No Event,No Event,0,0,0,3.97,0.0,0.0,0.0,0.0
HOBBIES_1_219,HOBBIES_1,HOBBIES,CA_1,CA,0.0,2016-05-22,11617,Sunday,2,5,2016,No Event,No Event,No Event,No Event,0,0,0,1.74,0.0,0.0,0.1428571428571428,0.3779644730092263
HOBBIES_1_194,HOBBIES_1,HOBBIES,CA_1,CA,2.0,2016-05-22,11617,Sunday,2,5,2016,No Event,No Event,No Event,No Event,0,0,0,2.88,2.0,4.0,1.8571428571428568,1.0690449676497045
HOBBIES_1_252,HOBBIES_1,HOBBIES,CA_1,CA,0.0,2016-05-22,11617,Sunday,2,5,2016,No Event,No Event,No Event,No Event,0,0,0,0.68,0.0,4.0,0.7142857142857143,1.496026483086187
HOBBIES_2_068,HOBBIES_2,HOBBIES,CA_1,CA,0.0,2016-05-22,11617,Sunday,2,5,2016,No Event,No Event,No Event,No Event,0,0,0,1.97,1.0,0.0,0.1428571428571428,0.3779644730092259
HOBBIES_1_087,HOBBIES_1,HOBBIES,CA_1,CA,1.0,2016-05-22,11617,Sunday,2,5,2016,No Event,No Event,No Event,No Event,0,0,0,12.88,1.0,1.0,0.4285714285714285,0.5345224838248502
HOBBIES_1_392,HOBBIES_1,HOBBIES,CA_1,CA,0.0,2016-05-22,11617,Sunday,2,5,2016,No Event,No Event,No Event,No Event,0,0,0,12.98,2.0,3.0,1.0,1.2909944487358047
HOBBIES_1_247,HOBBIES_1,HOBBIES,CA_1,CA,5.0,2016-05-22,11617,Sunday,2,5,2016,No Event,No Event,No Event,No Event,0,0,0,16.88,1.0,5.0,2.0,1.732050807568878
HOBBIES_1_322,HOBBIES_1,HOBBIES,CA_1,CA,1.0,2016-05-22,11617,Sunday,2,5,2016,No Event,No Event,No Event,No Event,0,0,0,3.97,1.0,0.0,0.2857142857142857,0.4879500364742664
HOBBIES_2_053,HOBBIES_2,HOBBIES,CA_1,CA,0.0,2016-05-22,11617,Sunday,2,5,2016,No Event,No Event,No Event,No Event,0,0,0,4.97,0.0,0.0,0.0,0.0
HOBBIES_2_003,HOBBIES_2,HOBBIES,CA_1,CA,0.0,2016-05-22,11617,Sunday,2,5,2016,No Event,No Event,No Event,No Event,0,0,0,1.97,0.0,1.0,0.2857142857142857,0.487950036474267
HOBBIES_1_232,HOBBIES_1,HOBBIES,CA_1,CA,0.0,2016-05-22,11617,Sunday,2,5,2016,No Event,No Event,No Event,No Event,0,0,0,0.48,0.0,19.0,3.0,7.0945988845975885
HOBBIES_2_018,HOBBIES_2,HOBBIES,CA_1,CA,0.0,2016-05-22,11617,Sunday,2,5,2016,No Event,No Event,No Event,No Event,0,0,0,3.37,0.0,0.0,0.2857142857142857,0.7559289460184583
HOBBIES_1_003,HOBBIES_1,HOBBIES,CA_1,CA,1.0,2016-05-22,11617,Sunday,2,5,2016,No Event,No Event,No Event,No Event,0,0,0,2.97,0.0,2.0,1.0,1.2909944487358054
HOBBIES_1_114,HOBBIES_1,HOBBIES,CA_1,CA,0.0,2016-05-22,11617,Sunday,2,5,2016,No Event,No Event,No Event,No Event,0,0,0,5.97,0.0,0.0,0.1428571428571428,0.3779644730092288
HOBBIES_2_095,HOBBIES_2,HOBBIES,CA_1,CA,0.0,2016-05-22,11617,Sunday,2,5,2016,No Event,No Event,No Event,No Event,0,0,0,0.88,1.0,2.0,0.4285714285714285,0.7867957924694436
HOBBIES_1_134,HOBBIES_1,HOBBIES,CA_1,CA,1.0,2016-05-22,11617,Sunday,2,5,2016,No Event,No Event,No Event,No Event,0,0,0,3.87,6.0,5.0,5.285714285714286,4.111540089159039
HOBBIES_1_248,HOBBIES_1,HOBBIES,CA_1,CA,1.0,2016-05-22,11617,Sunday,2,5,2016,No Event,No Event,No Event,No Event,0,0,0,0.94,0.0,0.0,1.4285714285714286,1.5118578920368726
HOBBIES_1_176,HOBBIES_1,HOBBIES,CA_1,CA,0.0,2016-05-22,11617,Sunday,2,5,2016,No Event,No Event,No Event,No Event,0,0,0,5.94,3.0,0.0,0.5714285714285714,1.1338934190276817
HOBBIES_2_019,HOBBIES_2,HOBBIES,CA_1,CA,0.0,2016-05-22,11617,Sunday,2,5,2016,No Event,No Event,No Event,No Event,0,0,0,3.37,0.0,0.0,0.2857142857142857,0.7559289460184538
HOBBIES_1_054,HOBBIES_1,HOBBIES,CA_1,CA,0.0,2016-05-22,11617,Sunday,2,5,2016,No Event,No Event,No Event,No Event,0,0,0,2.97,0.0,0.0,0.1428571428571428,0.3779644730092279
HOBBIES_2_104,HOBBIES_2,HOBBIES,CA_1,CA,0.0,2016-05-22,11617,Sunday,2,5,2016,No Event,No Event,No Event,No Event,0,0,0,2.97,0.0,0.0,0.4285714285714285,0.7867957924694431
HOBBIES_1_113,HOBBIES_1,HOBBIES,CA_1,CA,1.0,2016-05-22,11617,Sunday,2,5,2016,No Event,No Event,No Event,No Event,0,0,0,1.47,1.0,1.0,0.2857142857142857,0.4879500364742662
HOBBIES_1_024,HOBBIES_1,HOBBIES,CA_1,CA,0.0,2016-05-22,11617,Sunday,2,5,2016,No Event,No Event,No Event,No Event,0,0,0,8.56,2.0,0.0,0.2857142857142857,0.7559289460184564
HOBBIES_1_249,HOBBIES_1,HOBBIES,CA_1,CA,2.0,2016-05-22,11617,Sunday,2,5,2016,No Event,No Event,No Event,No Event,0,0,0,4.88,1.0,2.0,0.8571428571428571,0.8997354108424402
HOBBIES_1_175,HOBBIES_1,HOBBIES,CA_1,CA,0.0,2016-05-22,11617,Sunday,2,5,2016,No Event,No Event,No Event,No Event,0,0,0,1.97,0.0,1.0,0.1428571428571428,0.377964473009227
HOBBIES_2_105,HOBBIES_2,HOBBIES,CA_1,CA,0.0,2016-05-22,11617,Sunday,2,5,2016,No Event,No Event,No Event,No Event,0,0,0,2.47,0.0,0.0,0.0,0.0
HOBBIES_1_320,HOBBIES_1,HOBBIES,CA_1,CA,1.0,2016-05-22,11617,Sunday,2,5,2016,No Event,No Event,No Event,No Event,0,0,0,4.48,3.0,3.0,1.7142857142857142,1.976047040118704
HOBBIES_1_085,HOBBIES_1,HOBBIES,CA_1,CA,0.0,2016-05-22,11617,Sunday,2,5,2016,No Event,No Event,No Event,No Event,0,0,0,14.72,1.0,2.0,1.4285714285714286,0.9759000729485328
HOBBIES_1_133,HOBBIES_1,HOBBIES,CA_1,CA,0.0,2016-05-22,11617,Sunday,2,5,2016,No Event,No Event,No Event,No Event,0,0,0,12.44,2.0,1.0,0.4285714285714285,0.7867957924694425
HOBBIES_1_319,HOBBIES_1,HOBBIES,CA_1,CA,8.0,2016-05-22,11617,Sunday,2,5,2016,No Event,No Event,No Event,No Event,0,0,0,0.96,2.0,4.0,2.857142857142857,2.609506430251563
HOBBIES_1_395,HOBBIES_1,HOBBIES,CA_1,CA,0.0,2016-05-22,11617,Sunday,2,5,2016,No Event,No Event,No Event,No Event,0,0,0,7.48,0.0,0.0,0.0,0.0
HOBBIES_2_054,HOBBIES_2,HOBBIES,CA_1,CA,1.0,2016-05-22,11617,Sunday,2,5,2016,No Event,No Event,No Event,No Event,0,0,0,3.97,0.0,0.0,0.2857142857142857,0.4879500364742661
HOBBIES_1_288,HOBBIES_1,HOBBIES,CA_1,CA,0.0,2016-05-22,11617,Sunday,2,5,2016,No Event,No Event,No Event,No Event,0,0,0,0.57,0.0,13.0,2.2857142857142856,4.7858919654294265
HOBBIES_2_087,HOBBIES_2,HOBBIES,CA_1,CA,0.0,2016-05-22,11617,Sunday,2,5,2016,No Event,No Event,No Event,No Event,0,0,0,0.97,0.0,0.0,0.1428571428571428,0.3779644730092276
HOBBIES_2_039,HOBBIES_2,HOBBIES,CA_1,CA,0.0,2016-05-22,11617,Sunday,2,5,2016,No Event,No Event,No Event,No Event,0,0,0,4.97,0.0,1.0,0.1428571428571428,0.377964473009228
HOBBIES_1_174,HOBBIES_1,HOBBIES,CA_1,CA,0.0,2016-05-22,11617,Sunday,2,5,2016,No Event,No Event,No Event,No Event,0,0,0,4.88,0.0,0.0,0.2857142857142857,0.4879500364742666
HOBBIES_2_020,HOBBIES_2,HOBBIES,CA_1,CA,0.0,2016-05-22,11617,Sunday,2,5,2016,No Event,No Event,No Event,No Event,0,0,0,3.88,0.0,0.0,0.1428571428571428,0.3779644730092276
HOBBIES_1_132,HOBBIES_1,HOBBIES,CA_1,CA,0.0,2016-05-22,11617,Sunday,2,5,2016,No Event,No Event,No Event,No Event,0,0,0,3.98,6.0,2.0,2.0,2.2360679774997907
HOBBIES_1_321,HOBBIES_1,HOBBIES,CA_1,CA,0.0,2016-05-22,11617,Sunday,2,5,2016,No Event,No Event,No Event,No Event,0,0,0,6.68,0.0,3.0,0.5714285714285714,1.1338934190276837
HOBBIES_1_396,HOBBIES_1,HOBBIES,CA_1,CA,0.0,2016-05-22,11617,Sunday,2,5,2016,No Event,No Event,No Event,No Event,0,0,0,1.88,0.0,0.0,0.0,0.0
HOBBIES_1_251,HOBBIES_1,HOBBIES,CA_1,CA,0.0,2016-05-22,11617,Sunday,2,5,2016,No Event,No Event,No Event,No Event,0,0,0,15.83,0.0,0.0,0.0,0.0
HOBBIES_1_317,HOBBIES_1,HOBBIES,CA_1,CA,0.0,2016-05-22,11617,Sunday,2,5,2016,No Event,No Event,No Event,No Event,0,0,0,7.98,0.0,1.0,0.5714285714285714,0.5345224838248473
HOBBIES_2_055,HOBBIES_2,HOBBIES,CA_1,CA,1.0,2016-05-22,11617,Sunday,2,5,2016,No Event,No Event,No Event,No Event,0,0,0,2.5,0.0,1.0,0.1428571428571428,0.3779644730092268
HOBBIES_1_013,HOBBIES_1,HOBBIES,CA_1,CA,1.0,2016-05-22,11617,Sunday,2,5,2016,No Event,No Event,No Event,No Event,0,0,0,1.97,1.0,1.0,0.2857142857142857,0.4879500364742645
HOBBIES_1_073,HOBBIES_1,HOBBIES,CA_1,CA,0.0,2016-05-22,11617,Sunday,2,5,2016,No Event,No Event,No Event,No Event,0,0,0,5.47,2.0,2.0,0.5714285714285714,0.9759000729485332
HOBBIES_1_218,HOBBIES_1,HOBBIES,CA_1,CA,0.0,2016-05-22,11617,Sunday,2,5,2016,No Event,No Event,No Event,No Event,0,0,0,10.58,0.0,0.0,0.0,0.0
HOBBIES_1_415,HOBBIES_1,HOBBIES,CA_1,CA,0.0,2016-05-22,11617,Sunday,2,5,2016,No Event,No Event,No Event,No Event,0,0,0,6.68,4.0,1.0,1.7142857142857142,1.976047040118708
HOBBIES_1_394,HOBBIES_1,HOBBIES,CA_1,CA,0.0,2016-05-22,11617,Sunday,2,5,2016,No Event,No Event,No Event,No Event,0,0,0,7.88,1.0,2.0,2.0,2.380476142847616
HOBBIES_1_250,HOBBIES_1,HOBBIES,CA_1,CA,1.0,2016-05-22,11617,Sunday,2,5,2016,No Event,No Event,No Event,No Event,0,0,0,4.88,0.0,0.0,0.1428571428571428,0.377964473009227
HOBBIES_1_414,HOBBIES_1,HOBBIES,CA_1,CA,1.0,2016-05-22,11617,Sunday,2,5,2016,No Event,No Event,No Event,No Event,0,0,0,7.22,0.0,1.0,0.2857142857142857,0.487950036474265
HOBBIES_1_253,HOBBIES_1,HOBBIES,CA_1,CA,0.0,2016-05-22,11617,Sunday,2,5,2016,No Event,No Event,No Event,No Event,0,0,0,11.98,0.0,3.0,0.5714285714285714,1.1338934190276797
HOBBIES_1_173,HOBBIES_1,HOBBIES,CA_1,CA,0.0,2016-05-22,11617,Sunday,2,5,2016,No Event,No Event,No Event,No Event,0,0,0,10.97,1.0,3.0,1.0,0.9999999999999992
HOBBIES_1_351,HOBBIES_1,HOBBIES,CA_1,CA,0.0,2016-05-22,11617,Sunday,2,5,2016,No Event,No Event,No Event,No Event,0,0,0,5.76,0.0,0.0,0.2857142857142857,0.755928946018452
HOBBIES_1_389,HOBBIES_1,HOBBIES,CA_1,CA,0.0,2016-05-22,11617,Sunday,2,5,2016,No Event,No Event,No Event,No Event,0,0,0,11.97,1.0,0.0,0.4285714285714285,0.5345224838248486
HOBBIES_2_040,HOBBIES_2,HOBBIES,CA_1,CA,1.0,2016-05-22,11617,Sunday,2,5,2016,No Event,No Event,No Event,No Event,0,0,0,0.88,1.0,1.0,0.2857142857142857,0.4879500364742676
HOBBIES_2_103,HOBBIES_2,HOBBIES,CA_1,CA,0.0,2016-05-22,11617,Sunday,2,5,2016,No Event,No Event,No Event,No Event,0,0,0,2.5,1.0,0.0,0.4285714285714285,0.5345224838248476
HOBBIES_1_255,HOBBIES_1,HOBBIES,CA_1,CA,0.0,2016-05-22,11617,Sunday,2,5,2016,No Event,No Event,No Event,No Event,0,0,0,1.88,0.0,0.0,0.0,0.0
HOBBIES_2_084,HOBBIES_2,HOBBIES,CA_1,CA,0.0,2016-05-22,11617,Sunday,2,5,2016,No Event,No Event,No Event,No Event,0,0,0,5.97,0.0,0.0,0.0,0.0
HOBBIES_1_052,HOBBIES_1,HOBBIES,CA_1,CA,0.0,2016-05-22,11617,Sunday,2,5,2016,No Event,No Event,No Event,No Event,0,0,0,5.88,0.0,0.0,0.0,0.0
HOBBIES_1_034,HOBBIES_1,HOBBIES,CA_1,CA,0.0,2016-05-22,11617,Sunday,2,5,2016,No Event,No Event,No Event,No Event,0,0,0,4.86,0.0,1.0,0.2857142857142857,0.4879500364742627
HOBBIES_2_052,HOBBIES_2,HOBBIES,CA_1,CA,0.0,2016-05-22,11617,Sunday,2,5,2016,No Event,No Event,No Event,No Event,0,0,0,2.47,0.0,0.0,0.0,0.0
HOBBIES_1_187,HOBBIES_1,HOBBIES,CA_1,CA,1.0,2016-05-22,11617,Sunday,2,5,2016,No Event,No Event,No Event,No Event,0,0,0,7.0,0.0,1.0,0.5714285714285714,0.5345224838248495
HOBBIES_1_177,HOBBIES_1,HOBBIES,CA_1,CA,3.0,2016-05-22,11617,Sunday,2,5,2016,No Event,No Event,No Event,No Event,0,0,0,4.24,1.0,2.0,1.5714285714285714,1.1338934190276753
HOBBIES_1_314,HOBBIES_1,HOBBIES,CA_1,CA,2.0,2016-05-22,11617,Sunday,2,5,2016,No Event,No Event,No Event,No Event,0,0,0,3.97,1.0,0.0,0.1428571428571428,0.3779644730092277
HOBBIES_1_231,HOBBIES_1,HOBBIES,CA_1,CA,1.0,2016-05-22,11617,Sunday,2,5,2016,No Event,No Event,No Event,No Event,0,0,0,6.87,1.0,2.0,0.7142857142857143,0.7559289460184562
HOBBIES_1_388,HOBBIES_1,HOBBIES,CA_1,CA,0.0,2016-05-22,11617,Sunday,2,5,2016,No Event,No Event,No Event,No Event,0,0,0,2.88,2.0,4.0,1.5714285714285714,1.272418020560703
HOBBIES_1_220,HOBBIES_1,HOBBIES,CA_1,CA,2.0,2016-05-22,11617,Sunday,2,5,2016,No Event,No Event,No Event,No Event,0,0,0,2.92,0.0,0.0,0.4285714285714285,1.133893419027681
HOBBIES_1_153,HOBBIES_1,HOBBIES,CA_1,CA,3.0,2016-05-22,11617,Sunday,2,5,2016,No Event,No Event,No Event,No Event,0,0,0,6.38,1.0,3.0,1.2857142857142858,1.112697280528362
HOBBIES_1_284,HOBBIES_1,HOBBIES,CA_1,CA,0.0,2016-05-22,11617,Sunday,2,5,2016,No Event,No Event,No Event,No Event,0,0,0,4.88,2.0,1.0,0.8571428571428571,0.8997354108424377
HOBBIES_1_246,HOBBIES_1,HOBBIES,CA_1,CA,0.0,2016-05-22,11617,Sunday,2,5,2016,No Event,No Event,No Event,No Event,0,0,0,10.98,1.0,1.0,0.5714285714285714,0.534522483824846
HOBBIES_1_055,HOBBIES_1,HOBBIES,CA_1,CA,4.0,2016-05-22,11617,Sunday,2,5,2016,No Event,No Event,No Event,No Event,0,0,0,8.98,0.0,4.0,2.571428571428572,1.511857892036907
HOBBIES_1_031,HOBBIES_1,HOBBIES,CA_1,CA,0.0,2016-05-22,11617,Sunday,2,5,2016,No Event,No Event,No Event,No Event,0,0,0,10.98,1.0,0.0,0.1428571428571428,0.377964473009227
HOBBIES_2_057,HOBBIES_2,HOBBIES,CA_1,CA,0.0,2016-05-22,11617,Sunday,2,5,2016,No Event,No Event,No Event,No Event,0,0,0,1.97,0.0,0.0,0.0,0.0
HOBBIES_2_023,HOBBIES_2,HOBBIES,CA_1,CA,0.0,2016-05-22,11617,Sunday,2,5,2016,No Event,No Event,No Event,No Event,0,0,0,0.97,0.0,0.0,0.2857142857142857,0.4879500364742667
HOBBIES_1_290,HOBBIES_1,HOBBIES,CA_1,CA,0.0,2016-05-22,11617,Sunday,2,5,2016,No Event,No Event,No Event,No Event,0,0,0,5.77,0.0,0.0,0.1428571428571428,0.377964473009224
HOBBIES_1_193,HOBBIES_1,HOBBIES,CA_1,CA,1.0,2016-05-22,11617,Sunday,2,5,2016,No Event,No Event,No Event,No Event,0,0,0,7.98,0.0,0.0,0.5714285714285714,0.7867957924694443
HOBBIES_1_089,HOBBIES_1,HOBBIES,CA_1,CA,3.0,2016-05-22,11617,Sunday,2,5,2016,No Event,No Event,No Event,No Event,0,0,0,7.97,6.0,3.0,2.4285714285714284,1.718249385968451
HOBBIES_1_221,HOBBIES_1,HOBBIES,CA_1,CA,0.0,2016-05-22,11617,Sunday,2,5,2016,No Event,No Event,No Event,No Event,0,0,0,2.97,0.0,0.0,0.1428571428571428,0.3779644730092226
HOBBIES_1_286,HOBBIES_1,HOBBIES,CA_1,CA,1.0,2016-05-22,11617,Sunday,2,5,2016,No Event,No Event,No Event,No Event,0,0,0,0.7,0.0,6.0,6.428571428571429,9.863352081605631
HOBBIES_1_355,HOBBIES_1,HOBBIES,CA_1,CA,0.0,2016-05-22,11617,Sunday,2,5,2016,No Event,No Event,No Event,No Event,0,0,0,3.94,2.0,1.0,0.8571428571428571,0.690065559342358
HOBBIES_1_216,HOBBIES_1,HOBBIES,CA_1,CA,1.0,2016-05-22,11617,Sunday,2,5,2016,No Event,No Event,No Event,No Event,0,0,0,1.77,2.0,2.0,1.7142857142857142,1.253566341056019
HOBBIES_1_197,HOBBIES_1,HOBBIES,CA_1,CA,1.0,2016-05-22,11617,Sunday,2,5,2016,No Event,No Event,No Event,No Event,0,0,0,12.84,1.0,0.0,0.2857142857142857,0.4879500364742659
HOBBIES_1_325,HOBBIES_1,HOBBIES,CA_1,CA,1.0,2016-05-22,11617,Sunday,2,5,2016,No Event,No Event,No Event,No Event,0,0,0,6.44,0.0,1.0,0.1428571428571428,0.3779644730092247
HOBBIES_1_350,HOBBIES_1,HOBBIES,CA_1,CA,0.0,2016-05-22,11617,Sunday,2,5,2016,No Event,No Event,No Event,No Event,0,0,0,2.98,0.0,0.0,0.2857142857142857,0.7559289460184528
HOBBIES_1_001,HOBBIES_1,HOBBIES,CA_1,CA,1.0,2016-05-22,11617,Sunday,2,5,2016,No Event,No Event,No Event,No Event,0,0,0,8.38,0.0,0.0,0.8571428571428571,1.4638501094228
HOBBIES_1_129,HOBBIES_1,HOBBIES,CA_1,CA,1.0,2016-05-22,11617,Sunday,2,5,2016,No Event,No Event,No Event,No Event,0,0,0,4.88,2.0,1.0,0.7142857142857143,0.7559289460184544
HOBBIES_2_002,HOBBIES_2,HOBBIES,CA_1,CA,1.0,2016-05-22,11617,Sunday,2,5,2016,No Event,No Event,No Event,No Event,0,0,0,1.47,0.0,1.0,0.1428571428571428,0.3779644730092286
HOBBIES_1_014,HOBBIES_1,HOBBIES,CA_1,CA,3.0,2016-05-22,11617,Sunday,2,5,2016,No Event,No Event,No Event,No Event,0,0,0,1.16,1.0,1.0,1.1428571428571428,0.6900655593423444
HOBBIES_2_085,HOBBIES_2,HOBBIES,CA_1,CA,0.0,2016-05-22,11617,Sunday,2,5,2016,No Event,No Event,No Event,No Event,0,0,0,0.97,0.0,1.0,0.1428571428571428,0.3779644730092287
HOBBIES_1_152,HOBBIES_1,HOBBIES,CA_1,CA,0.0,2016-05-22,11617,Sunday,2,5,2016,No Event,No Event,No Event,No Event,0,0,0,4.86,0.0,0.0,0.1428571428571428,0.3779644730092258
HOBBIES_1_323,HOBBIES_1,HOBBIES,CA_1,CA,2.0,2016-05-22,11617,Sunday,2,5,2016,No Event,No Event,No Event,No Event,0,0,0,5.24,4.0,3.0,2.571428571428572,1.9023794624226853
HOBBIES_1_131,HOBBIES_1,HOBBIES,CA_1,CA,0.0,2016-05-22,11617,Sunday,2,5,2016,No Event,No Event,No Event,No Event,0,0,0,0.68,0.0,0.0,1.7142857142857142,4.535573676110726
HOBBIES_2_021,HOBBIES_2,HOBBIES,CA_1,CA,0.0,2016-05-22,11617,Sunday,2,5,2016,No Event,No Event,No Event,No Event,0,0,0,0.97,0.0,0.0,0.0,0.0
HOBBIES_1_391,HOBBIES_1,HOBBIES,CA_1,CA,0.0,2016-05-22,11617,Sunday,2,5,2016,No Event,No Event,No Event,No Event,0,0,0,3.88,0.0,0.0,0.4285714285714285,0.7867957924694425
HOBBIES_2_100,HOBBIES_2,HOBBIES,CA_1,CA,0.0,2016-05-22,11617,Sunday,2,5,2016,No Event,No Event,No Event,No Event,0,0,0,0.88,1.0,0.0,0.4285714285714285,0.5345224838248658
HOBBIES_1_287,HOBBIES_1,HOBBIES,CA_1,CA,1.0,2016-05-22,11617,Sunday,2,5,2016,No Event,No Event,No Event,No Event,0,0,0,5.76,3.0,0.0,0.7142857142857143,1.1126972805283757
HOBBIES_1_254,HOBBIES_1,HOBBIES,CA_1,CA,12.0,2016-05-22,11617,Sunday,2,5,2016,No Event,No Event,No Event,No Event,0,0,0,0.7,4.0,0.0,4.857142857142857,4.7056197405716365
HOBBIES_2_010,HOBBIES_2,HOBBIES,CA_1,CA,0.0,2016-05-22,11617,Sunday,2,5,2016,No Event,No Event,No Event,No Event,0,0,0,0.97,0.0,0.0,0.0,0.0
HOBBIES_2_088,HOBBIES_2,HOBBIES,CA_1,CA,0.0,2016-05-22,11617,Sunday,2,5,2016,No Event,No Event,No Event,No Event,0,0,0,2.77,0.0,0.0,0.1428571428571428,0.3779644730092275
HOBBIES_1_012,HOBBIES_1,HOBBIES,CA_1,CA,0.0,2016-05-22,11617,Sunday,2,5,2016,No Event,No Event,No Event,No Event,0,0,0,6.52,1.0,0.0,0.4285714285714285,0.5345224838248487
HOBBIES_2_056,HOBBIES_2,HOBBIES,CA_1,CA,0.0,2016-05-22,11617,Sunday,2,5,2016,No Event,No Event,No Event,No Event,0,0,0,1.94,1.0,1.0,0.5714285714285714,0.5345224838248498
HOBBIES_1_354,HOBBIES_1,HOBBIES,CA_1,CA,16.0,2016-05-22,11617,Sunday,2,5,2016,No Event,No Event,No Event,No Event,0,0,0,22.98,8.0,7.0,4.142857142857143,2.73426232761059
HOBBIES_1_088,HOBBIES_1,HOBBIES,CA_1,CA,8.0,2016-05-22,11617,Sunday,2,5,2016,No Event,No Event,No Event,No Event,0,0,0,2.57,0.0,0.0,0.1428571428571428,0.3779644730092226
HOBBIES_1_135,HOBBIES_1,HOBBIES,CA_1,CA,0.0,2016-05-22,11617,Sunday,2,5,2016,No Event,No Event,No Event,No Event,0,0,0,20.38,0.0,0.0,0.1428571428571428,0.3779644730092267
HOBBIES_1_316,HOBBIES_1,HOBBIES,CA_1,CA,3.0,2016-05-22,11617,Sunday,2,5,2016,No Event,No Event,No Event,No Event,0,0,0,0.94,1.0,0.0,0.5714285714285714,1.1338934190276777
HOBBIES_1_413,HOBBIES_1,HOBBIES,CA_1,CA,3.0,2016-05-22,11617,Sunday,2,5,2016,No Event,No Event,No Event,No Event,0,0,0,4.86,0.0,1.0,0.4285714285714285,0.7867957924694424
HOBBIES_1_315,HOBBIES_1,HOBBIES,CA_1,CA,0.0,2016-05-22,11617,Sunday,2,5,2016,No Event,No Event,No Event,No Event,0,0,0,4.97,0.0,0.0,0.2857142857142857,0.4879500364742633
HOBBIES_1_136,HOBBIES_1,HOBBIES,CA_1,CA,0.0,2016-05-22,11617,Sunday,2,5,2016,No Event,No Event,No Event,No Event,0,0,0,4.88,0.0,0.0,0.0,0.0
HOBBIES_2_102,HOBBIES_2,HOBBIES,CA_1,CA,1.0,2016-05-22,11617,Sunday,2,5,2016,No Event,No Event,No Event,No Event,0,0,0,5.97,1.0,2.0,0.7142857142857143,0.7559289460184541
HOBBIES_1_074,HOBBIES_1,HOBBIES,CA_1,CA,0.0,2016-05-22,11617,Sunday,2,5,2016,No Event,No Event,No Event,No Event,0,0,0,3.67,0.0,0.0,1.5714285714285714,1.618347187425366
HOBBIES_2_022,HOBBIES_2,HOBBIES,CA_1,CA,0.0,2016-05-22,11617,Sunday,2,5,2016,No Event,No Event,No Event,No Event,0,0,0,4.97,2.0,0.0,0.7142857142857143,0.7559289460184541
HOBBIES_1_065,HOBBIES_1,HOBBIES,CA_1,CA,0.0,2016-05-22,11617,Sunday,2,5,2016,No Event,No Event,No Event,No Event,0,0,0,4.88,0.0,0.0,0.0,0.0
HOBBIES_1_083,HOBBIES_1,HOBBIES,CA_1,CA,1.0,2016-05-22,11617,Sunday,2,5,2016,No Event,No Event,No Event,No Event,0,0,0,15.92,1.0,0.0,0.4285714285714285,0.5345224838248487
HOBBIES_1_324,HOBBIES_1,HOBBIES,CA_1,CA,1.0,2016-05-22,11617,Sunday,2,5,2016,No Event,No Event,No Event,No Event,0,0,0,14.72,0.0,0.0,1.2857142857142858,1.889822365046135
HOBBIES_1_398,HOBBIES_1,HOBBIES,CA_1,CA,3.0,2016-05-22,11617,Sunday,2,5,2016,No Event,No Event,No Event,No Event,0,0,0,0.57,3.0,12.0,3.142857142857143,4.1804533816548615
HOBBIES_2_038,HOBBIES_2,HOBBIES,CA_1,CA,0.0,2016-05-22,11617,Sunday,2,5,2016,No Event,No Event,No Event,No Event,0,0,0,0.97,0.0,0.0,0.2857142857142857,0.4879500364742659
HOBBIES_1_172,HOBBIES_1,HOBBIES,CA_1,CA,0.0,2016-05-22,11617,Sunday,2,5,2016,No Event,No Event,No Event,No Event,0,0,0,2.98,0.0,3.0,0.7142857142857143,1.112697280528374
HOBBIES_1_112,HOBBIES_1,HOBBIES,CA_1,CA,0.0,2016-05-22,11617,Sunday,2,5,2016,No Event,No Event,No Event,No Event,0,0,0,2.72,0.0,0.0,0.2857142857142857,0.487950036474268
HOBBIES_1_390,HOBBIES_1,HOBBIES,CA_1,CA,0.0,2016-05-22,11617,Sunday,2,5,2016,No Event,No Event,No Event,No Event,0,0,0,11.73,0.0,1.0,0.2857142857142857,0.4879500364742667
HOBBIES_1_130,HOBBIES_1,HOBBIES,CA_1,CA,3.0,2016-05-22,11617,Sunday,2,5,2016,No Event,No Event,No Event,No Event,0,0,0,2.73,1.0,1.0,0.8571428571428571,1.0690449676496938
HOBBIES_1_179,HOBBIES_1,HOBBIES,CA_1,CA,0.0,2016-05-22,11617,Sunday,2,5,2016,No Event,No Event,No Event,No Event,0,0,0,6.87,1.0,2.0,0.8571428571428571,0.8997354108424331
HOBBIES_1_206,HOBBIES_1,HOBBIES,CA_1,CA,2.0,2016-05-22,11617,Sunday,2,5,2016,No Event,No Event,No Event,No Event,0,0,0,2.72,1.0,4.0,1.7142857142857142,1.2535663410560145
HOBBIES_1_243,HOBBIES_1,HOBBIES,CA_1,CA,0.0,2016-05-22,11617,Sunday,2,5,2016,No Event,No Event,No Event,No Event,0,0,0,13.88,0.0,0.0,0.7142857142857143,0.9511897312113416
HOBBIES_1_302,HOBBIES_1,HOBBIES,CA_1,CA,0.0,2016-05-22,11617,Sunday,2,5,2016,No Event,No Event,No Event,No Event,0,0,0,2.88,0.0,0.0,0.0,0.0
HOBBIES_2_092,HOBBIES_2,HOBBIES,CA_1,CA,2.0,2016-05-22,11617,Sunday,2,5,2016,No Event,No Event,No Event,No Event,0,0,0,4.97,0.0,0.0,0.1428571428571428,0.3779644730092283
HOBBIES_2_076,HOBBIES_2,HOBBIES,CA_1,CA,1.0,2016-05-22,11617,Sunday,2,5,2016,No Event,No Event,No Event,No Event,0,0,0,2.88,0.0,0.0,0.0,0.0
HOBBIES_2_046,HOBBIES_2,HOBBIES,CA_1,CA,0.0,2016-05-22,11617,Sunday,2,5,2016,No Event,No Event,No Event,No Event,0,0,0,2.97,1.0,0.0,0.1428571428571428,0.3779644730092283
HOBBIES_1_280,HOBBIES_1,HOBBIES,CA_1,CA,3.0,2016-05-22,11617,Sunday,2,5,2016,No Event,No Event,No Event,No Event,0,0,0,10.98,1.0,1.0,0.5714285714285714,0.5345224838248397
HOBBIES_1_147,HOBBIES_1,HOBBIES,CA_1,CA,18.0,2016-05-22,11617,Sunday,2,5,2016,No Event,No Event,No Event,No Event,0,0,0,9.97,9.0,2.0,7.714285714285714,5.056820005836526
HOBBIES_1_208,HOBBIES_1,HOBBIES,CA_1,CA,0.0,2016-05-22,11617,Sunday,2,5,2016,No Event,No Event,No Event,No Event,0,0,0,3.24,4.0,6.0,2.142857142857143,2.115700942049815
HOBBIES_1_406,HOBBIES_1,HOBBIES,CA_1,CA,0.0,2016-05-22,11617,Sunday,2,5,2016,No Event,No Event,No Event,No Event,0,0,0,3.88,1.0,0.0,0.1428571428571428,0.3779644730092286
HOBBIES_2_035,HOBBIES_2,HOBBIES,CA_1,CA,1.0,2016-05-22,11617,Sunday,2,5,2016,No Event,No Event,No Event,No Event,0,0,0,4.47,0.0,1.0,0.1428571428571428,0.3779644730092268
HOBBIES_2_063,HOBBIES_2,HOBBIES,CA_1,CA,0.0,2016-05-22,11617,Sunday,2,5,2016,No Event,No Event,No Event,No Event,0,0,0,0.97,1.0,0.0,0.4285714285714285,0.7867957924694408
HOBBIES_2_031,HOBBIES_2,HOBBIES,CA_1,CA,1.0,2016-05-22,11617,Sunday,2,5,2016,No Event,No Event,No Event,No Event,0,0,0,6.97,0.0,0.0,0.0,0.0
HOBBIES_1_339,HOBBIES_1,HOBBIES,CA_1,CA,5.0,2016-05-22,11617,Sunday,2,5,2016,No Event,No Event,No Event,No Event,0,0,0,7.98,8.0,2.0,2.7142857142857144,2.563479777846624
HOBBIES_1_121,HOBBIES_1,HOBBIES,CA_1,CA,0.0,2016-05-22,11617,Sunday,2,5,2016,No Event,No Event,No Event,No Event,0,0,0,1.12,0.0,1.0,0.2857142857142857,0.4879500364742477
HOBBIES_1_183,HOBBIES_1,HOBBIES,CA_1,CA,0.0,2016-05-22,11617,Sunday,2,5,2016,No Event,No Event,No Event,No Event,0,0,0,6.97,0.0,0.0,0.0,0.0
HOBBIES_1_238,HOBBIES_1,HOBBIES,CA_1,CA,0.0,2016-05-22,11617,Sunday,2,5,2016,No Event,No Event,No Event,No Event,0,0,0,5.94,0.0,0.0,0.1428571428571428,0.377964473009221
HOBBIES_1_076,HOBBIES_1,HOBBIES,CA_1,CA,1.0,2016-05-22,11617,Sunday,2,5,2016,No Event,No Event,No Event,No Event,0,0,0,3.43,0.0,3.0,0.4285714285714285,1.1338934190276788
HOBBIES_1_419,HOBBIES_1,HOBBIES,CA_1,CA,0.0,2016-05-22,11617,Sunday,2,5,2016,No Event,No Event,No Event,No Event,0,0,0,5.98,0.0,0.0,0.1428571428571428,0.3779644730092245
HOBBIES_1_160,HOBBIES_1,HOBBIES,CA_1,CA,1.0,2016-05-22,11617,Sunday,2,5,2016,No Event,No Event,No Event,No Event,0,0,0,19.96,0.0,1.0,0.2857142857142857,0.4879500364742684
HOBBIES_2_045,HOBBIES_2,HOBBIES,CA_1,CA,0.0,2016-05-22,11617,Sunday,2,5,2016,No Event,No Event,No Event,No Event,0,0,0,2.47,0.0,1.0,0.1428571428571428,0.3779644730092297
HOBBIES_1_038,HOBBIES_1,HOBBIES,CA_1,CA,1.0,2016-05-22,11617,Sunday,2,5,2016,No Event,No Event,No Event,No Event,0,0,0,3.22,1.0,0.0,0.5714285714285714,0.7867957924694419
HOBBIES_1_274,HOBBIES_1,HOBBIES,CA_1,CA,1.0,2016-05-22,11617,Sunday,2,5,2016,No Event,No Event,No Event,No Event,0,0,0,9.88,0.0,1.0,0.4285714285714285,0.534522483824849
HOBBIES_1_157,HOBBIES_1,HOBBIES,CA_1,CA,1.0,2016-05-22,11617,Sunday,2,5,2016,No Event,No Event,No Event,No Event,0,0,0,11.28,0.0,2.0,0.8571428571428571,1.0690449676496965
HOBBIES_1_078,HOBBIES_1,HOBBIES,CA_1,CA,0.0,2016-05-22,11617,Sunday,2,5,2016,No Event,No Event,No Event,No Event,0,0,0,12.78,1.0,0.0,1.5714285714285714,1.1338934190276777
HOBBIES_2_093,HOBBIES_2,HOBBIES,CA_1,CA,1.0,2016-05-22,11617,Sunday,2,5,2016,No Event,No Event,No Event,No Event,0,0,0,1.97,3.0,0.0,0.4285714285714285,1.1338934190276813
HOBBIES_1_407,HOBBIES_1,HOBBIES,CA_1,CA,3.0,2016-05-22,11617,Sunday,2,5,2016,No Event,No Event,No Event,No Event,0,0,0,2.88,2.0,0.0,0.8571428571428571,0.8997354108424322
HOBBIES_1_144,HOBBIES_1,HOBBIES,CA_1,CA,1.0,2016-05-22,11617,Sunday,2,5,2016,No Event,No Event,No Event,No Event,0,0,0,11.28,1.0,1.0,1.4285714285714286,0.9759000729485346
HOBBIES_1_026,HOBBIES_1,HOBBIES,CA_1,CA,1.0,2016-05-22,11617,Sunday,2,5,2016,No Event,No Event,No Event,No Event,0,0,0,17.97,1.0,0.0,0.2857142857142857,0.4879500364742669
HOBBIES_1_369,HOBBIES_1,HOBBIES,CA_1,CA,0.0,2016-05-22,11617,Sunday,2,5,2016,No Event,No Event,No Event,No Event,0,0,0,1.08,5.0,0.0,2.571428571428572,2.572750982712418
HOBBIES_1_103,HOBBIES_1,HOBBIES,CA_1,CA,0.0,2016-05-22,11617,Sunday,2,5,2016,No Event,No Event,No Event,No Event,0,0,0,0.7,0.0,0.0,0.1428571428571428,0.3779644730090742
HOBBIES_1_410,HOBBIES_1,HOBBIES,CA_1,CA,1.0,2016-05-22,11617,Sunday,2,5,2016,No Event,No Event,No Event,No Event,0,0,0,28.96,0.0,2.0,0.8571428571428571,0.8997354108424367
HOBBIES_1_273,HOBBIES_1,HOBBIES,CA_1,CA,0.0,2016-05-22,11617,Sunday,2,5,2016,No Event,No Event,No Event,No Event,0,0,0,12.68,1.0,0.0,0.1428571428571428,0.3779644730092257
HOBBIES_1_301,HOBBIES_1,HOBBIES,CA_1,CA,1.0,2016-05-22,11617,Sunday,2,5,2016,No Event,No Event,No Event,No Event,0,0,0,6.24,2.0,0.0,1.2857142857142858,1.3801311186847085
HOBBIES_2_043,HOBBIES_2,HOBBIES,CA_1,CA,1.0,2016-05-22,11617,Sunday,2,5,2016,No Event,No Event,No Event,No Event,0,0,0,0.97,5.0,0.0,1.8571428571428568,2.193062655175133
HOBBIES_1_370,HOBBIES_1,HOBBIES,CA_1,CA,3.0,2016-05-22,11617,Sunday,2,5,2016,No Event,No Event,No Event,No Event,0,0,0,0.48,2.0,1.0,2.142857142857143,2.734262327610861
HOBBIES_1_420,HOBBIES_1,HOBBIES,CA_1,CA,2.0,2016-05-22,11617,Sunday,2,5,2016,No Event,No Event,No Event,No Event,0,0,0,5.74,1.0,3.0,1.0,0.9999999999999992
HOBBIES_1_281,HOBBIES_1,HOBBIES,CA_1,CA,1.0,2016-05-22,11617,Sunday,2,5,2016,No Event,No Event,No Event,No Event,0,0,0,4.24,3.0,0.0,0.7142857142857143,1.112697280528374
HOBBIES_2_030,HOBBIES_2,HOBBIES,CA_1,CA,0.0,2016-05-22,11617,Sunday,2,5,2016,No Event,No Event,No Event,No Event,0,0,0,0.97,0.0,0.0,0.2857142857142857,0.4879500364742669
HOBBIES_1_239,HOBBIES_1,HOBBIES,CA_1,CA,1.0,2016-05-22,11617,Sunday,2,5,2016,No Event,No Event,No Event,No Event,0,0,0,2.97,0.0,0.0,0.2857142857142857,0.7559289460184527
HOBBIES_1_100,HOBBIES_1,HOBBIES,CA_1,CA,0.0,2016-05-22,11617,Sunday,2,5,2016,No Event,No Event,No Event,No Event,0,0,0,11.28,3.0,1.0,1.1428571428571428,1.0690449676496954
HOBBIES_1_372,HOBBIES_1,HOBBIES,CA_1,CA,3.0,2016-05-22,11617,Sunday,2,5,2016,No Event,No Event,No Event,No Event,0,0,0,6.68,1.0,0.0,1.0,1.5275252316519452
HOBBIES_2_062,HOBBIES_2,HOBBIES,CA_1,CA,0.0,2016-05-22,11617,Sunday,2,5,2016,No Event,No Event,No Event,No Event,0,0,0,5.88,1.0,0.0,0.2857142857142857,0.4879500364742661
HOBBIES_2_012,HOBBIES_2,HOBBIES,CA_1,CA,0.0,2016-05-22,11617,Sunday,2,5,2016,No Event,No Event,No Event,No Event,0,0,0,1.97,0.0,0.0,0.0,0.0
HOBBIES_1_007,HOBBIES_1,HOBBIES,CA_1,CA,0.0,2016-05-22,11617,Sunday,2,5,2016,No Event,No Event,No Event,No Event,0,0,0,7.88,1.0,0.0,0.4285714285714285,0.5345224838248482
HOBBIES_1_271,HOBBIES_1,HOBBIES,CA_1,CA,1.0,2016-05-22,11617,Sunday,2,5,2016,No Event,No Event,No Event,No Event,0,0,0,5.77,0.0,0.0,0.0,0.0
HOBBIES_1_337,HOBBIES_1,HOBBIES,CA_1,CA,4.0,2016-05-22,11617,Sunday,2,5,2016,No Event,No Event,No Event,No Event,0,0,0,3.67,4.0,7.0,3.142857142857143,2.6095064302514737
HOBBIES_1_162,HOBBIES_1,HOBBIES,CA_1,CA,0.0,2016-05-22,11617,Sunday,2,5,2016,No Event,No Event,No Event,No Event,0,0,0,3.98,0.0,0.0,0.4285714285714285,0.7867957924694444
HOBBIES_1_361,HOBBIES_1,HOBBIES,CA_1,CA,1.0,2016-05-22,11617,Sunday,2,5,2016,No Event,No Event,No Event,No Event,0,0,0,29.96,0.0,0.0,0.1428571428571428,0.3779644730092256
HOBBIES_1_143,HOBBIES_1,HOBBIES,CA_1,CA,1.0,2016-05-22,11617,Sunday,2,5,2016,No Event,No Event,No Event,No Event,0,0,0,7.98,0.0,0.0,0.1428571428571428,0.3779644730092272
HOBBIES_1_057,HOBBIES_1,HOBBIES,CA_1,CA,1.0,2016-05-22,11617,Sunday,2,5,2016,No Event,No Event,No Event,No Event,0,0,0,4.88,3.0,0.0,0.8571428571428571,1.069044967649703
HOBBIES_2_014,HOBBIES_2,HOBBIES,CA_1,CA,0.0,2016-05-22,11617,Sunday,2,5,2016,No Event,No Event,No Event,No Event,0,0,0,0.97,0.0,1.0,0.2857142857142857,0.4879500364742679
HOBBIES_1_226,HOBBIES_1,HOBBIES,CA_1,CA,1.0,2016-05-22,11617,Sunday,2,5,2016,No Event,No Event,No Event,No Event,0,0,0,13.98,1.0,0.0,1.0,1.154700538379252
HOBBIES_1_190,HOBBIES_1,HOBBIES,CA_1,CA,0.0,2016-05-22,11617,Sunday,2,5,2016,No Event,No Event,No Event,No Event,0,0,0,9.97,0.0,0.0,0.0,0.0
HOBBIES_1_069,HOBBIES_1,HOBBIES,CA_1,CA,1.0,2016-05-22,11617,Sunday,2,5,2016,No Event,No Event,No Event,No Event,0,0,0,13.23,1.0,0.0,0.5714285714285714,0.7867957924694434
HOBBIES_1_061,HOBBIES_1,HOBBIES,CA_1,CA,0.0,2016-05-22,11617,Sunday,2,5,2016,No Event,No Event,No Event,No Event,0,0,0,2.83,1.0,1.0,0.4285714285714285,0.5345224838248466
HOBBIES_1_009,HOBBIES_1,HOBBIES,CA_1,CA,0.0,2016-05-22,11617,Sunday,2,5,2016,No Event,No Event,No Event,No Event,0,0,0,1.77,1.0,0.0,0.1428571428571428,0.3779644730092278
HOBBIES_1_161,HOBBIES_1,HOBBIES,CA_1,CA,1.0,2016-05-22,11617,Sunday,2,5,2016,No Event,No Event,No Event,No Event,0,0,0,0.7,0.0,1.0,1.0,1.825741858350546
HOBBIES_1_272,HOBBIES_1,HOBBIES,CA_1,CA,0.0,2016-05-22,11617,Sunday,2,5,2016,No Event,No Event,No Event,No Event,0,0,0,8.44,0.0,0.0,0.0,0.0
HOBBIES_1_122,HOBBIES_1,HOBBIES,CA_1,CA,4.0,2016-05-22,11617,Sunday,2,5,2016,No Event,No Event,No Event,No Event,0,0,0,1.77,0.0,1.0,0.8571428571428571,1.4638501094228027
HOBBIES_1_102,HOBBIES_1,HOBBIES,CA_1,CA,0.0,2016-05-22,11617,Sunday,2,5,2016,No Event,No Event,No Event,No Event,0,0,0,4.98,0.0,0.0,0.2857142857142857,0.755928946018454
HOBBIES_1_338,HOBBIES_1,HOBBIES,CA_1,CA,0.0,2016-05-22,11617,Sunday,2,5,2016,No Event,No Event,No Event,No Event,0,0,0,8.98,1.0,1.0,0.7142857142857143,0.7559289460184668
HOBBIES_1_345,HOBBIES_1,HOBBIES,CA_1,CA,1.0,2016-05-22,11617,Sunday,2,5,2016,No Event,No Event,No Event,No Event,0,0,0,7.88,1.0,2.0,0.7142857142857143,0.7559289460184296
HOBBIES_1_371,HOBBIES_1,HOBBIES,CA_1,CA,12.0,2016-05-22,11617,Sunday,2,5,2016,No Event,No Event,No Event,No Event,0,0,0,0.48,16.0,0.0,7.285714285714286,9.928314487939495
HOBBIES_1_296,HOBBIES_1,HOBBIES,CA_1,CA,0.0,2016-05-22,11617,Sunday,2,5,2016,No Event,No Event,No Event,No Event,0,0,0,7.38,2.0,0.0,0.7142857142857143,0.9511897312113418
HOBBIES_1_303,HOBBIES_1,HOBBIES,CA_1,CA,1.0,2016-05-22,11617,Sunday,2,5,2016,No Event,No Event,No Event,No Event,0,0,0,8.56,0.0,0.0,0.0,0.0
HOBBIES_1_047,HOBBIES_1,HOBBIES,CA_1,CA,1.0,2016-05-22,11617,Sunday,2,5,2016,No Event,No Event,No Event,No Event,0,0,0,1.77,1.0,3.0,1.1428571428571428,1.6761634196950566
HOBBIES_1_108,HOBBIES_1,HOBBIES,CA_1,CA,0.0,2016-05-22,11617,Sunday,2,5,2016,No Event,No Event,No Event,No Event,0,0,0,12.98,2.0,0.0,1.0,1.2909944487358067
HOBBIES_1_019,HOBBIES_1,HOBBIES,CA_1,CA,11.0,2016-05-22,11617,Sunday,2,5,2016,No Event,No Event,No Event,No Event,0,0,0,0.48,14.0,17.0,7.571428571428571,5.883795341363219
HOBBIES_1_040,HOBBIES_1,HOBBIES,CA_1,CA,4.0,2016-05-22,11617,Sunday,2,5,2016,No Event,No Event,No Event,No Event,0,0,0,12.44,0.0,0.0,0.5714285714285714,0.7867957924694314
HOBBIES_1_204,HOBBIES_1,HOBBIES,CA_1,CA,1.0,2016-05-22,11617,Sunday,2,5,2016,No Event,No Event,No Event,No Event,0,0,0,9.72,1.0,0.0,0.5714285714285714,0.7867957924694434
HOBBIES_1_227,HOBBIES_1,HOBBIES,CA_1,CA,1.0,2016-05-22,11617,Sunday,2,5,2016,No Event,No Event,No Event,No Event,0,0,0,1.97,1.0,0.0,0.5714285714285714,0.7867957924694446
HOBBIES_2_064,HOBBIES_2,HOBBIES,CA_1,CA,0.0,2016-05-22,11617,Sunday,2,5,2016,No Event,No Event,No Event,No Event,0,0,0,0.97,0.0,1.0,0.4285714285714285,0.7867957924694425
HOBBIES_1_299,HOBBIES_1,HOBBIES,CA_1,CA,0.0,2016-05-22,11617,Sunday,2,5,2016,No Event,No Event,No Event,No Event,0,0,0,1.27,1.0,0.0,0.4285714285714285,0.7867957924694464
HOBBIES_2_013,HOBBIES_2,HOBBIES,CA_1,CA,0.0,2016-05-22,11617,Sunday,2,5,2016,No Event,No Event,No Event,No Event,0,0,0,6.97,0.0,0.0,0.0,0.0
HOBBIES_1_297,HOBBIES_1,HOBBIES,CA_1,CA,1.0,2016-05-22,11617,Sunday,2,5,2016,No Event,No Event,No Event,No Event,0,0,0,14.72,3.0,3.0,1.7142857142857142,1.1126972805283748
HOBBIES_1_276,HOBBIES_1,HOBBIES,CA_1,CA,0.0,2016-05-22,11617,Sunday,2,5,2016,No Event,No Event,No Event,No Event,0,0,0,7.98,1.0,2.0,0.8571428571428571,0.8997354108424352
HOBBIES_1_159,HOBBIES_1,HOBBIES,CA_1,CA,2.0,2016-05-22,11617,Sunday,2,5,2016,No Event,No Event,No Event,No Event,0,0,0,3.24,2.0,1.0,0.8571428571428571,0.8997354108424358
HOBBIES_2_065,HOBBIES_2,HOBBIES,CA_1,CA,1.0,2016-05-22,11617,Sunday,2,5,2016,No Event,No Event,No Event,No Event,0,0,0,0.5,0.0,0.0,0.5714285714285714,1.5118578920369092
HOBBIES_2_074,HOBBIES_2,HOBBIES,CA_1,CA,0.0,2016-05-22,11617,Sunday,2,5,2016,No Event,No Event,No Event,No Event,0,0,0,3.97,0.0,0.0,0.0,0.0
HOBBIES_1_070,HOBBIES_1,HOBBIES,CA_1,CA,0.0,2016-05-22,11617,Sunday,2,5,2016,No Event,No Event,No Event,No Event,0,0,0,5.88,0.0,0.0,0.1428571428571428,0.377964473009227
HOBBIES_1_418,HOBBIES_1,HOBBIES,CA_1,CA,0.0,2016-05-22,11617,Sunday,2,5,2016,No Event,No Event,No Event,No Event,0,0,0,3.98,0.0,0.0,1.1428571428571428,1.345185418269096
HOBBIES_1_236,HOBBIES_1,HOBBIES,CA_1,CA,2.0,2016-05-22,11617,Sunday,2,5,2016,No Event,No Event,No Event,No Event,0,0,0,11.88,3.0,0.0,1.2857142857142858,1.1126972805284994
HOBBIES_1_363,HOBBIES_1,HOBBIES,CA_1,CA,0.0,2016-05-22,11617,Sunday,2,5,2016,No Event,No Event,No Event,No Event,0,0,0,2.88,0.0,0.0,0.1428571428571428,0.3779644730092273
HOBBIES_1_278,HOBBIES_1,HOBBIES,CA_1,CA,2.0,2016-05-22,11617,Sunday,2,5,2016,No Event,No Event,No Event,No Event,0,0,0,0.57,2.0,0.0,1.0,1.1547005383791509
HOBBIES_1_342,HOBBIES_1,HOBBIES,CA_1,CA,0.0,2016-05-22,11617,Sunday,2,5,2016,No Event,No Event,No Event,No Event,0,0,0,19.96,0.0,1.0,0.8571428571428571,1.0690449676496974
HOBBIES_2_033,HOBBIES_2,HOBBIES,CA_1,CA,3.0,2016-05-22,11617,Sunday,2,5,2016,No Event,No Event,No Event,No Event,0,0,0,2.88,0.0,1.0,0.2857142857142857,0.4879500364742379
HOBBIES_1_365,HOBBIES_1,HOBBIES,CA_1,CA,0.0,2016-05-22,11617,Sunday,2,5,2016,No Event,No Event,No Event,No Event,0,0,0,3.97,0.0,0.0,0.0,0.0
HOBBIES_1_213,HOBBIES_1,HOBBIES,CA_1,CA,1.0,2016-05-22,11617,Sunday,2,5,2016,No Event,No Event,No Event,No Event,0,0,0,8.38,0.0,0.0,0.5714285714285714,0.975900072948534
HOBBIES_1_195,HOBBIES_1,HOBBIES,CA_1,CA,1.0,2016-05-22,11617,Sunday,2,5,2016,No Event,No Event,No Event,No Event,0,0,0,11.28,4.0,0.0,1.1428571428571428,1.676163419695052
HOBBIES_1_189,HOBBIES_1,HOBBIES,CA_1,CA,16.0,2016-05-22,11617,Sunday,2,5,2016,No Event,No Event,No Event,No Event,0,0,0,0.48,10.0,1.0,5.714285714285714,4.111540089159065
HOBBIES_1_228,HOBBIES_1,HOBBIES,CA_1,CA,0.0,2016-05-22,11617,Sunday,2,5,2016,No Event,No Event,No Event,No Event,0,0,0,6.87,1.0,1.0,0.7142857142857143,0.487950036474264
HOBBIES_1_409,HOBBIES_1,HOBBIES,CA_1,CA,4.0,2016-05-22,11617,Sunday,2,5,2016,No Event,No Event,No Event,No Event,0,0,0,5.76,2.0,1.0,0.7142857142857143,0.755928946018454
HOBBIES_1_146,HOBBIES_1,HOBBIES,CA_1,CA,0.0,2016-05-22,11617,Sunday,2,5,2016,No Event,No Event,No Event,No Event,0,0,0,4.86,0.0,1.0,0.5714285714285714,0.5345224838248476
HOBBIES_1_158,HOBBIES_1,HOBBIES,CA_1,CA,5.0,2016-05-22,11617,Sunday,2,5,2016,No Event,No Event,No Event,No Event,0,0,0,22.98,4.0,5.0,3.142857142857143,1.772810520855841
HOBBIES_1_184,HOBBIES_1,HOBBIES,CA_1,CA,0.0,2016-05-22,11617,Sunday,2,5,2016,No Event,No Event,No Event,No Event,0,0,0,12.68,0.0,0.0,0.2857142857142857,0.7559289460184546
HOBBIES_1_277,HOBBIES_1,HOBBIES,CA_1,CA,0.0,2016-05-22,11617,Sunday,2,5,2016,No Event,No Event,No Event,No Event,0,0,0,1.77,0.0,0.0,1.1428571428571428,3.023715784073816
HOBBIES_1_364,HOBBIES_1,HOBBIES,CA_1,CA,3.0,2016-05-22,11617,Sunday,2,5,2016,No Event,No Event,No Event,No Event,0,0,0,12.78,0.0,0.0,0.5714285714285714,0.5345224838248505
HOBBIES_1_106,HOBBIES_1,HOBBIES,CA_1,CA,0.0,2016-05-22,11617,Sunday,2,5,2016,No Event,No Event,No Event,No Event,0,0,0,2.57,0.0,0.0,0.1428571428571428,0.3779644730092271
HOBBIES_1_119,HOBBIES_1,HOBBIES,CA_1,CA,0.0,2016-05-22,11617,Sunday,2,5,2016,No Event,No Event,No Event,No Event,0,0,0,1.77,2.0,3.0,1.2857142857142858,1.7043362064926946
HOBBIES_1_343,HOBBIES_1,HOBBIES,CA_1,CA,1.0,2016-05-22,11617,Sunday,2,5,2016,No Event,No Event,No Event,No Event,0,0,0,5.32,1.0,0.0,0.5714285714285714,0.7867957924694415
HOBBIES_1_045,HOBBIES_1,HOBBIES,CA_1,CA,0.0,2016-05-22,11617,Sunday,2,5,2016,No Event,No Event,No Event,No Event,0,0,0,10.58,1.0,0.0,0.4285714285714285,0.7867957924694433
HOBBIES_1_039,HOBBIES_1,HOBBIES,CA_1,CA,0.0,2016-05-22,11617,Sunday,2,5,2016,No Event,No Event,No Event,No Event,0,0,0,5.88,0.0,0.0,0.0,0.0
HOBBIES_2_034,HOBBIES_2,HOBBIES,CA_1,CA,0.0,2016-05-22,11617,Sunday,2,5,2016,No Event,No Event,No Event,No Event,0,0,0,2.5,0.0,1.0,0.2857142857142857,0.4879500364742661
HOBBIES_1_368,HOBBIES_1,HOBBIES,CA_1,CA,0.0,2016-05-22,11617,Sunday,2,5,2016,No Event,No Event,No Event,No Event,0,0,0,4.22,0.0,0.0,0.0,0.0
HOBBIES_1_058,HOBBIES_1,HOBBIES,CA_1,CA,0.0,2016-05-22,11617,Sunday,2,5,2016,No Event,No Event,No Event,No Event,0,0,0,9.47,1.0,0.0,0.1428571428571428,0.3779644730092241
HOBBIES_1_105,HOBBIES_1,HOBBIES,CA_1,CA,0.0,2016-05-22,11617,Sunday,2,5,2016,No Event,No Event,No Event,No Event,0,0,0,6.68,0.0,0.0,0.7142857142857143,1.2535663410560152
HOBBIES_2_097,HOBBIES_2,HOBBIES,CA_1,CA,0.0,2016-05-22,11617,Sunday,2,5,2016,No Event,No Event,No Event,No Event,0,0,0,1.97,0.0,1.0,0.1428571428571428,0.3779644730092268
HOBBIES_1_279,HOBBIES_1,HOBBIES,CA_1,CA,0.0,2016-05-22,11617,Sunday,2,5,2016,No Event,No Event,No Event,No Event,0,0,0,3.78,1.0,1.0,0.2857142857142857,0.487950036474269
HOBBIES_1_198,HOBBIES_1,HOBBIES,CA_1,CA,0.0,2016-05-22,11617,Sunday,2,5,2016,No Event,No Event,No Event,No Event,0,0,0,8.38,0.0,0.0,0.5714285714285714,1.5118578920369066
HOBBIES_1_027,HOBBIES_1,HOBBIES,CA_1,CA,1.0,2016-05-22,11617,Sunday,2,5,2016,No Event,No Event,No Event,No Event,0,0,0,19.98,1.0,0.0,0.2857142857142857,0.4879500364742677
HOBBIES_1_214,HOBBIES_1,HOBBIES,CA_1,CA,0.0,2016-05-22,11617,Sunday,2,5,2016,No Event,No Event,No Event,No Event,0,0,0,9.88,0.0,0.0,0.0,0.0
HOBBIES_1_237,HOBBIES_1,HOBBIES,CA_1,CA,3.0,2016-05-22,11617,Sunday,2,5,2016,No Event,No Event,No Event,No Event,0,0,0,7.98,0.0,0.0,0.7142857142857143,0.9511897312113424
HOBBIES_1_362,HOBBIES_1,HOBBIES,CA_1,CA,0.0,2016-05-22,11617,Sunday,2,5,2016,No Event,No Event,No Event,No Event,0,0,0,9.46,1.0,0.0,0.1428571428571428,0.3779644730092267
HOBBIES_1_107,HOBBIES_1,HOBBIES,CA_1,CA,0.0,2016-05-22,11617,Sunday,2,5,2016,No Event,No Event,No Event,No Event,0,0,0,3.97,0.0,0.0,0.1428571428571428,0.3779644730092266
HOBBIES_2_032,HOBBIES_2,HOBBIES,CA_1,CA,3.0,2016-05-22,11617,Sunday,2,5,2016,No Event,No Event,No Event,No Event,0,0,0,0.97,1.0,0.0,0.2857142857142857,0.4879500364742656
HOBBIES_1_046,HOBBIES_1,HOBBIES,CA_1,CA,0.0,2016-05-22,11617,Sunday,2,5,2016,No Event,No Event,No Event,No Event,0,0,0,18.72,2.0,1.0,0.5714285714285714,0.7867957924694432
HOBBIES_1_340,HOBBIES_1,HOBBIES,CA_1,CA,0.0,2016-05-22,11617,Sunday,2,5,2016,No Event,No Event,No Event,No Event,0,0,0,6.97,0.0,1.0,0.1428571428571428,0.3779644730092256
HOBBIES_1_145,HOBBIES_1,HOBBIES,CA_1,CA,0.0,2016-05-22,11617,Sunday,2,5,2016,No Event,No Event,No Event,No Event,0,0,0,1.28,0.0,0.0,0.8571428571428571,2.2677868380553656
HOBBIES_1_020,HOBBIES_1,HOBBIES,CA_1,CA,0.0,2016-05-22,11617,Sunday,2,5,2016,No Event,No Event,No Event,No Event,0,0,0,12.68,0.0,0.0,0.0,0.0
HOBBIES_2_075,HOBBIES_2,HOBBIES,CA_1,CA,1.0,2016-05-22,11617,Sunday,2,5,2016,No Event,No Event,No Event,No Event,0,0,0,2.88,0.0,1.0,0.2857142857142857,0.4879500364742565
HOBBIES_2_008,HOBBIES_2,HOBBIES,CA_1,CA,2.0,2016-05-22,11617,Sunday,2,5,2016,No Event,No Event,No Event,No Event,0,0,0,3.88,0.0,0.0,0.1428571428571428,0.3779644730092274
HOBBIES_1_300,HOBBIES_1,HOBBIES,CA_1,CA,4.0,2016-05-22,11617,Sunday,2,5,2016,No Event,No Event,No Event,No Event,0,0,0,9.83,4.0,2.0,1.2857142857142858,1.4960264830861902
HOBBIES_2_073,HOBBIES_2,HOBBIES,CA_1,CA,0.0,2016-05-22,11617,Sunday,2,5,2016,No Event,No Event,No Event,No Event,0,0,0,0.5,0.0,0.0,0.0,0.0
HOBBIES_1_344,HOBBIES_1,HOBBIES,CA_1,CA,0.0,2016-05-22,11617,Sunday,2,5,2016,No Event,No Event,No Event,No Event,0,0,0,11.78,1.0,1.0,0.8571428571428571,1.0690449676497005
HOBBIES_2_044,HOBBIES_2,HOBBIES,CA_1,CA,0.0,2016-05-22,11617,Sunday,2,5,2016,No Event,No Event,No Event,No Event,0,0,0,4.47,0.0,0.0,0.1428571428571428,0.3779644730092277
HOBBIES_1_275,HOBBIES_1,HOBBIES,CA_1,CA,5.0,2016-05-22,11617,Sunday,2,5,2016,No Event,No Event,No Event,No Event,0,0,0,12.88,2.0,3.0,1.1428571428571428,1.0690449676496965
HOBBIES_1_118,HOBBIES_1,HOBBIES,CA_1,CA,0.0,2016-05-22,11617,Sunday,2,5,2016,No Event,No Event,No Event,No Event,0,0,0,11.12,0.0,1.0,0.1428571428571428,0.3779644730092278
HOBBIES_1_120,HOBBIES_1,HOBBIES,CA_1,CA,2.0,2016-05-22,11617,Sunday,2,5,2016,No Event,No Event,No Event,No Event,0,0,0,10.98,1.0,1.0,0.7142857142857143,0.7559289460184554
HOBBIES_1_341,HOBBIES_1,HOBBIES,CA_1,CA,5.0,2016-05-22,11617,Sunday,2,5,2016,No Event,No Event,No Event,No Event,0,0,0,0.48,0.0,17.0,3.0,6.218252702059289
HOBBIES_1_366,HOBBIES_1,HOBBIES,CA_1,CA,0.0,2016-05-22,11617,Sunday,2,5,2016,No Event,No Event,No Event,No Event,0,0,0,3.97,0.0,1.0,0.1428571428571428,0.3779644730092269
HOBBIES_1_367,HOBBIES_1,HOBBIES,CA_1,CA,2.0,2016-05-22,11617,Sunday,2,5,2016,No Event,No Event,No Event,No Event,0,0,0,8.38,5.0,3.0,1.8571428571428568,1.8644544714716085
HOBBIES_1_021,HOBBIES_1,HOBBIES,CA_1,CA,0.0,2016-05-22,11617,Sunday,2,5,2016,No Event,No Event,No Event,No Event,0,0,0,11.88,0.0,2.0,1.0,1.290994448735801
HOBBIES_1_004,HOBBIES_1,HOBBIES,CA_1,CA,6.0,2016-05-22,11617,Sunday,2,5,2016,No Event,No Event,No Event,No Event,0,0,0,4.64,2.0,0.0,1.4285714285714286,1.618347187425365
HOBBIES_2_009,HOBBIES_2,HOBBIES,CA_1,CA,0.0,2016-05-22,11617,Sunday,2,5,2016,No Event,No Event,No Event,No Event,0,0,0,5.97,0.0,0.0,0.4285714285714285,0.7867957924694434
HOBBIES_1_077,HOBBIES_1,HOBBIES,CA_1,CA,1.0,2016-05-22,11617,Sunday,2,5,2016,No Event,No Event,No Event,No Event,0,0,0,9.46,0.0,1.0,0.7142857142857143,1.112697280528374
HOBBIES_1_408,HOBBIES_1,HOBBIES,CA_1,CA,0.0,2016-05-22,11617,Sunday,2,5,2016,No Event,No Event,No Event,No Event,0,0,0,0.6,1.0,1.0,2.0,3.605551275464018
HOBBIES_1_417,HOBBIES_1,HOBBIES,CA_1,CA,0.0,2016-05-22,11617,Sunday,2,5,2016,No Event,No Event,No Event,No Event,0,0,0,0.57,0.0,0.0,0.0,0.0
HOBBIES_1_104,HOBBIES_1,HOBBIES,CA_1,CA,0.0,2016-05-22,11617,Sunday,2,5,2016,No Event,No Event,No Event,No Event,0,0,0,23.98,1.0,0.0,0.4285714285714285,0.7867957924694432
HOBBIES_1_309,HOBBIES_1,HOBBIES,CA_1,CA,0.0,2016-05-22,11617,Sunday,2,5,2016,No Event,No Event,No Event,No Event,0,0,0,5.12,0.0,0.0,0.5714285714285714,0.7867957924694394
HOBBIES_2_077,HOBBIES_2,HOBBIES,CA_1,CA,1.0,2016-05-22,11617,Sunday,2,5,2016,No Event,No Event,No Event,No Event,0,0,0,9.97,0.0,0.0,0.0,0.0
HOBBIES_1_304,HOBBIES_1,HOBBIES,CA_1,CA,0.0,2016-05-22,11617,Sunday,2,5,2016,No Event,No Event,No Event,No Event,0,0,0,3.98,0.0,0.0,0.1428571428571428,0.377964473009226
HOBBIES_2_027,HOBBIES_2,HOBBIES,CA_1,CA,0.0,2016-05-22,11617,Sunday,2,5,2016,No Event,No Event,No Event,No Event,0,0,0,1.97,1.0,0.0,0.8571428571428571,0.6900655593423554
HOBBIES_1_378,HOBBIES_1,HOBBIES,CA_1,CA,7.0,2016-05-22,11617,Sunday,2,5,2016,No Event,No Event,No Event,No Event,0,0,0,3.24,4.0,1.0,2.571428571428572,1.5118578920369028
HOBBIES_1_116,HOBBIES_1,HOBBIES,CA_1,CA,2.0,2016-05-22,11617,Sunday,2,5,2016,No Event,No Event,No Event,No Event,0,0,0,6.47,0.0,1.0,0.4285714285714285,0.5345224838248458
HOBBIES_1_347,HOBBIES_1,HOBBIES,CA_1,CA,0.0,2016-05-22,11617,Sunday,2,5,2016,No Event,No Event,No Event,No Event,0,0,0,9.88,0.0,0.0,0.0,0.0
HOBBIES_1_264,HOBBIES_1,HOBBIES,CA_1,CA,0.0,2016-05-22,11617,Sunday,2,5,2016,No Event,No Event,No Event,No Event,0,0,0,4.47,1.0,1.0,0.7142857142857143,0.7559289460184537
HOBBIES_1_332,HOBBIES_1,HOBBIES,CA_1,CA,2.0,2016-05-22,11617,Sunday,2,5,2016,No Event,No Event,No Event,No Event,0,0,0,7.88,0.0,2.0,0.7142857142857143,0.7559289460184591
HOBBIES_1_166,HOBBIES_1,HOBBIES,CA_1,CA,3.0,2016-05-22,11617,Sunday,2,5,2016,No Event,No Event,No Event,No Event,0,0,0,9.98,1.0,1.0,1.4285714285714286,0.7867957924694374
HOBBIES_1_022,HOBBIES_1,HOBBIES,CA_1,CA,1.0,2016-05-22,11617,Sunday,2,5,2016,No Event,No Event,No Event,No Event,0,0,0,7.18,0.0,0.0,0.0,0.0
HOBBIES_1_036,HOBBIES_1,HOBBIES,CA_1,CA,0.0,2016-05-22,11617,Sunday,2,5,2016,No Event,No Event,No Event,No Event,0,0,0,1.12,1.0,0.0,1.1428571428571428,1.3451854182690972
HOBBIES_1_403,HOBBIES_1,HOBBIES,CA_1,CA,0.0,2016-05-22,11617,Sunday,2,5,2016,No Event,No Event,No Event,No Event,0,0,0,13.23,0.0,0.0,0.5714285714285714,0.7867957924694431
HOBBIES_1_080,HOBBIES_1,HOBBIES,CA_1,CA,0.0,2016-05-22,11617,Sunday,2,5,2016,No Event,No Event,No Event,No Event,0,0,0,0.57,0.0,1.0,0.7142857142857143,1.1126972805282502
HOBBIES_1_422,HOBBIES_1,HOBBIES,CA_1,CA,2.0,2016-05-22,11617,Sunday,2,5,2016,No Event,No Event,No Event,No Event,0,0,0,3.62,0.0,0.0,0.0,0.0
HOBBIES_1_049,HOBBIES_1,HOBBIES,CA_1,CA,0.0,2016-05-22,11617,Sunday,2,5,2016,No Event,No Event,No Event,No Event,0,0,0,7.88,0.0,0.0,0.2857142857142857,0.4879500364742641
HOBBIES_1_358,HOBBIES_1,HOBBIES,CA_1,CA,0.0,2016-05-22,11617,Sunday,2,5,2016,No Event,No Event,No Event,No Event,0,0,0,2.74,1.0,1.0,0.5714285714285714,0.5345224838248538
HOBBIES_1_212,HOBBIES_1,HOBBIES,CA_1,CA,0.0,2016-05-22,11617,Sunday,2,5,2016,No Event,No Event,No Event,No Event,0,0,0,7.47,0.0,0.0,0.0,0.0
HOBBIES_1_199,HOBBIES_1,HOBBIES,CA_1,CA,0.0,2016-05-22,11617,Sunday,2,5,2016,No Event,No Event,No Event,No Event,0,0,0,3.98,0.0,2.0,0.4285714285714285,0.7867957924694429
HOBBIES_1_265,HOBBIES_1,HOBBIES,CA_1,CA,0.0,2016-05-22,11617,Sunday,2,5,2016,No Event,No Event,No Event,No Event,0,0,0,3.97,0.0,1.0,0.1428571428571428,0.3779644730092222
HOBBIES_1_056,HOBBIES_1,HOBBIES,CA_1,CA,0.0,2016-05-22,11617,Sunday,2,5,2016,No Event,No Event,No Event,No Event,0,0,0,0.94,0.0,0.0,0.1428571428571428,0.3779644730091863
HOBBIES_1_295,HOBBIES_1,HOBBIES,CA_1,CA,7.0,2016-05-22,11617,Sunday,2,5,2016,No Event,No Event,No Event,No Event,0,0,0,0.48,11.0,12.0,6.714285714285714,4.386125310350218
HOBBIES_1_307,HOBBIES_1,HOBBIES,CA_1,CA,1.0,2016-05-22,11617,Sunday,2,5,2016,No Event,No Event,No Event,No Event,0,0,0,3.97,2.0,0.0,0.2857142857142857,0.7559289460184546
HOBBIES_1_109,HOBBIES_1,HOBBIES,CA_1,CA,0.0,2016-05-22,11617,Sunday,2,5,2016,No Event,No Event,No Event,No Event,0,0,0,6.12,1.0,0.0,0.1428571428571428,0.3779644730092271
HOBBIES_1_165,HOBBIES_1,HOBBIES,CA_1,CA,0.0,2016-05-22,11617,Sunday,2,5,2016,No Event,No Event,No Event,No Event,0,0,0,4.97,0.0,3.0,0.5714285714285714,1.1338934190276817
HOBBIES_1_266,HOBBIES_1,HOBBIES,CA_1,CA,0.0,2016-05-22,11617,Sunday,2,5,2016,No Event,No Event,No Event,No Event,0,0,0,4.86,0.0,0.0,0.2857142857142857,0.4879500364742675
HOBBIES_1_029,HOBBIES_1,HOBBIES,CA_1,CA,3.0,2016-05-22,11617,Sunday,2,5,2016,No Event,No Event,No Event,No Event,0,0,0,8.98,0.0,1.0,1.2857142857142858,1.2535663410560194
HOBBIES_1_125,HOBBIES_1,HOBBIES,CA_1,CA,0.0,2016-05-22,11617,Sunday,2,5,2016,No Event,No Event,No Event,No Event,0,0,0,11.73,1.0,0.0,0.2857142857142857,0.4879500364742679
HOBBIES_1_359,HOBBIES_1,HOBBIES,CA_1,CA,0.0,2016-05-22,11617,Sunday,2,5,2016,No Event,No Event,No Event,No Event,0,0,0,1.47,0.0,0.0,0.0,0.0
HOBBIES_1_224,HOBBIES_1,HOBBIES,CA_1,CA,0.0,2016-05-22,11617,Sunday,2,5,2016,No Event,No Event,No Event,No Event,0,0,0,3.97,0.0,1.0,0.2857142857142857,0.4879500364742667
HOBBIES_1_294,HOBBIES_1,HOBBIES,CA_1,CA,0.0,2016-05-22,11617,Sunday,2,5,2016,No Event,No Event,No Event,No Event,0,0,0,3.88,0.0,0.0,0.1428571428571428,0.3779644730092251
HOBBIES_1_202,HOBBIES_1,HOBBIES,CA_1,CA,0.0,2016-05-22,11617,Sunday,2,5,2016,No Event,No Event,No Event,No Event,0,0,0,1.77,0.0,0.0,0.0,0.0
HOBBIES_1_207,HOBBIES_1,HOBBIES,CA_1,CA,1.0,2016-05-22,11617,Sunday,2,5,2016,No Event,No Event,No Event,No Event,0,0,0,2.78,0.0,0.0,0.1428571428571428,0.3779644730092267
HOBBIES_1_234,HOBBIES_1,HOBBIES,CA_1,CA,0.0,2016-05-22,11617,Sunday,2,5,2016,No Event,No Event,No Event,No Event,0,0,0,0.3,6.0,0.0,0.8571428571428571,2.267786838055324
HOBBIES_1_333,HOBBIES_1,HOBBIES,CA_1,CA,0.0,2016-05-22,11617,Sunday,2,5,2016,No Event,No Event,No Event,No Event,0,0,0,4.97,0.0,1.0,0.5714285714285714,0.7867957924694422
HOBBIES_1_148,HOBBIES_1,HOBBIES,CA_1,CA,0.0,2016-05-22,11617,Sunday,2,5,2016,No Event,No Event,No Event,No Event,0,0,0,4.88,1.0,5.0,1.5714285714285714,1.5118578920369106
HOBBIES_2_060,HOBBIES_2,HOBBIES,CA_1,CA,0.0,2016-05-22,11617,Sunday,2,5,2016,No Event,No Event,No Event,No Event,0,0,0,0.97,0.0,0.0,0.1428571428571428,0.3779644730092323
HOBBIES_1_242,HOBBIES_1,HOBBIES,CA_1,CA,1.0,2016-05-22,11617,Sunday,2,5,2016,No Event,No Event,No Event,No Event,0,0,0,2.78,2.0,1.0,1.7142857142857142,1.2535663410560085
HOBBIES_1_416,HOBBIES_1,HOBBIES,CA_1,CA,1.0,2016-05-22,11617,Sunday,2,5,2016,No Event,No Event,No Event,No Event,0,0,0,4.97,1.0,4.0,1.4285714285714286,1.272418020560704
HOBBIES_1_262,HOBBIES_1,HOBBIES,CA_1,CA,3.0,2016-05-22,11617,Sunday,2,5,2016,No Event,No Event,No Event,No Event,0,0,0,8.98,2.0,0.0,0.7142857142857143,0.7559289460184532
HOBBIES_1_072,HOBBIES_1,HOBBIES,CA_1,CA,1.0,2016-05-22,11617,Sunday,2,5,2016,No Event,No Event,No Event,No Event,0,0,0,1.97,0.0,1.0,1.1428571428571428,1.0690449676496954
HOBBIES_2_026,HOBBIES_2,HOBBIES,CA_1,CA,2.0,2016-05-22,11617,Sunday,2,5,2016,No Event,No Event,No Event,No Event,0,0,0,0.23,1.0,0.0,0.4285714285714285,0.7867957924694456
HOBBIES_2_099,HOBBIES_2,HOBBIES,CA_1,CA,0.0,2016-05-22,11617,Sunday,2,5,2016,No Event,No Event,No Event,No Event,0,0,0,0.97,0.0,0.0,0.1428571428571428,0.3779644730092276
HOBBIES_1_201,HOBBIES_1,HOBBIES,CA_1,CA,0.0,2016-05-22,11617,Sunday,2,5,2016,No Event,No Event,No Event,No Event,0,0,0,5.98,1.0,2.0,1.0,0.8164965809277231
HOBBIES_1_263,HOBBIES_1,HOBBIES,CA_1,CA,1.0,2016-05-22,11617,Sunday,2,5,2016,No Event,No Event,No Event,No Event,0,0,0,4.97,1.0,0.0,0.1428571428571428,0.3779644730092278
HOBBIES_1_330,HOBBIES_1,HOBBIES,CA_1,CA,1.0,2016-05-22,11617,Sunday,2,5,2016,No Event,No Event,No Event,No Event,0,0,0,7.88,0.0,1.0,0.4285714285714285,0.786795792469439
HOBBIES_1_209,HOBBIES_1,HOBBIES,CA_1,CA,3.0,2016-05-22,11617,Sunday,2,5,2016,No Event,No Event,No Event,No Event,0,0,0,0.7,1.0,10.0,4.857142857142857,2.911389784311008
HOBBIES_1_094,HOBBIES_1,HOBBIES,CA_1,CA,0.0,2016-05-22,11617,Sunday,2,5,2016,No Event,No Event,No Event,No Event,0,0,0,12.97,0.0,0.0,0.2857142857142857,0.4879500364742658
HOBBIES_1_380,HOBBIES_1,HOBBIES,CA_1,CA,0.0,2016-05-22,11617,Sunday,2,5,2016,No Event,No Event,No Event,No Event,0,0,0,1.77,0.0,1.0,0.2857142857142857,0.4879500364742608
HOBBIES_1_348,HOBBIES_1,HOBBIES,CA_1,CA,24.0,2016-05-22,11617,Sunday,2,5,2016,No Event,No Event,No Event,No Event,0,0,0,0.48,18.0,7.0,8.857142857142858,9.511897312113463
HOBBIES_1_331,HOBBIES_1,HOBBIES,CA_1,CA,0.0,2016-05-22,11617,Sunday,2,5,2016,No Event,No Event,No Event,No Event,0,0,0,0.94,0.0,1.0,0.2857142857142857,0.4879500364742716
HOBBIES_1_126,HOBBIES_1,HOBBIES,CA_1,CA,0.0,2016-05-22,11617,Sunday,2,5,2016,No Event,No Event,No Event,No Event,0,0,0,9.58,2.0,1.0,1.5714285714285714,1.272418020560705
HOBBIES_1_167,HOBBIES_1,HOBBIES,CA_1,CA,4.0,2016-05-22,11617,Sunday,2,5,2016,No Event,No Event,No Event,No Event,0,0,0,0.68,0.0,0.0,0.7142857142857143,0.951189731211362
HOBBIES_1_203,HOBBIES_1,HOBBIES,CA_1,CA,1.0,2016-05-22,11617,Sunday,2,5,2016,No Event,No Event,No Event,No Event,0,0,0,12.98,0.0,1.0,0.8571428571428571,0.8997354108424386
HOBBIES_1_298,HOBBIES_1,HOBBIES,CA_1,CA,0.0,2016-05-22,11617,Sunday,2,5,2016,No Event,No Event,No Event,No Event,0,0,0,3.94,3.0,0.0,1.5714285714285714,1.2724180205607043
HOBBIES_2_090,HOBBIES_2,HOBBIES,CA_1,CA,0.0,2016-05-22,11617,Sunday,2,5,2016,No Event,No Event,No Event,No Event,0,0,0,1.57,0.0,0.0,0.0,0.0
HOBBIES_1_025,HOBBIES_1,HOBBIES,CA_1,CA,0.0,2016-05-22,11617,Sunday,2,5,2016,No Event,No Event,No Event,No Event,0,0,0,3.98,0.0,2.0,0.5714285714285714,0.7867957924694451
HOBBIES_2_080,HOBBIES_2,HOBBIES,CA_1,CA,0.0,2016-05-22,11617,Sunday,2,5,2016,No Event,No Event,No Event,No Event,0,0,0,3.97,0.0,0.0,0.1428571428571428,0.3779644730092276
HOBBIES_1_017,HOBBIES_1,HOBBIES,CA_1,CA,0.0,2016-05-22,11617,Sunday,2,5,2016,No Event,No Event,No Event,No Event,0,0,0,1.98,2.0,1.0,1.2857142857142858,0.7559289460184572
HOBBIES_1_412,HOBBIES_1,HOBBIES,CA_1,CA,0.0,2016-05-22,11617,Sunday,2,5,2016,No Event,No Event,No Event,No Event,0,0,0,1.98,2.0,1.0,1.2857142857142858,1.1126972805283726
HOBBIES_1_423,HOBBIES_1,HOBBIES,CA_1,CA,3.0,2016-05-22,11617,Sunday,2,5,2016,No Event,No Event,No Event,No Event,0,0,0,7.78,1.0,2.0,1.1428571428571428,1.0690449676496945
HOBBIES_1_283,HOBBIES_1,HOBBIES,CA_1,CA,0.0,2016-05-22,11617,Sunday,2,5,2016,No Event,No Event,No Event,No Event,0,0,0,10.98,0.0,1.0,0.5714285714285714,0.7867957924694422
HOBBIES_1_067,HOBBIES_1,HOBBIES,CA_1,CA,18.0,2016-05-22,11617,Sunday,2,5,2016,No Event,No Event,No Event,No Event,0,0,0,0.57,1.0,24.0,6.285714285714286,8.360906763309957
HOBBIES_1_379,HOBBIES_1,HOBBIES,CA_1,CA,1.0,2016-05-22,11617,Sunday,2,5,2016,No Event,No Event,No Event,No Event,0,0,0,2.24,1.0,2.0,1.1428571428571428,1.0690449676496978
HOBBIES_2_049,HOBBIES_2,HOBBIES,CA_1,CA,1.0,2016-05-22,11617,Sunday,2,5,2016,No Event,No Event,No Event,No Event,0,0,0,2.5,0.0,0.0,0.0,0.0
HOBBIES_1_095,HOBBIES_1,HOBBIES,CA_1,CA,1.0,2016-05-22,11617,Sunday,2,5,2016,No Event,No Event,No Event,No Event,0,0,0,7.68,0.0,1.0,0.1428571428571428,0.3779644730092262
HOBBIES_2_071,HOBBIES_2,HOBBIES,CA_1,CA,0.0,2016-05-22,11617,Sunday,2,5,2016,No Event,No Event,No Event,No Event,0,0,0,0.97,0.0,0.0,0.4285714285714285,0.7867957924694439
HOBBIES_1_308,HOBBIES_1,HOBBIES,CA_1,CA,1.0,2016-05-22,11617,Sunday,2,5,2016,No Event,No Event,No Event,No Event,0,0,0,9.98,1.0,0.0,0.5714285714285714,0.534522483824856
HOBBIES_1_140,HOBBIES_1,HOBBIES,CA_1,CA,4.0,2016-05-22,11617,Sunday,2,5,2016,No Event,No Event,No Event,No Event,0,0,0,1.12,0.0,0.0,0.0,0.0
HOBBIES_1_075,HOBBIES_1,HOBBIES,CA_1,CA,1.0,2016-05-22,11617,Sunday,2,5,2016,No Event,No Event,No Event,No Event,0,0,0,7.0,0.0,1.0,0.4285714285714285,0.7867957924694411
HOBBIES_1_210,HOBBIES_1,HOBBIES,CA_1,CA,0.0,2016-05-22,11617,Sunday,2,5,2016,No Event,No Event,No Event,No Event,0,0,0,5.47,0.0,0.0,0.0,0.0
HOBBIES_1_097,HOBBIES_1,HOBBIES,CA_1,CA,0.0,2016-05-22,11617,Sunday,2,5,2016,No Event,No Event,No Event,No Event,0,0,0,4.24,1.0,0.0,0.4285714285714285,0.5345224838248488
HOBBIES_1_225,HOBBIES_1,HOBBIES,CA_1,CA,0.0,2016-05-22,11617,Sunday,2,5,2016,No Event,No Event,No Event,No Event,0,0,0,29.96,0.0,0.0,0.2857142857142857,0.4879500364742677
HOBBIES_2_047,HOBBIES_2,HOBBIES,CA_1,CA,0.0,2016-05-22,11617,Sunday,2,5,2016,No Event,No Event,No Event,No Event,0,0,0,0.5,0.0,0.0,0.1428571428571428,0.3779644730092278
HOBBIES_1_185,HOBBIES_1,HOBBIES,CA_1,CA,2.0,2016-05-22,11617,Sunday,2,5,2016,No Event,No Event,No Event,No Event,0,0,0,3.24,0.0,1.0,0.4285714285714285,0.5345224838248493
HOBBIES_2_066,HOBBIES_2,HOBBIES,CA_1,CA,0.0,2016-05-22,11617,Sunday,2,5,2016,No Event,No Event,No Event,No Event,0,0,0,4.97,0.0,0.0,0.0,0.0
HOBBIES_1_068,HOBBIES_1,HOBBIES,CA_1,CA,2.0,2016-05-22,11617,Sunday,2,5,2016,No Event,No Event,No Event,No Event,0,0,0,7.0,3.0,1.0,1.1428571428571428,1.0690449676496925
HOBBIES_1_421,HOBBIES_1,HOBBIES,CA_1,CA,3.0,2016-05-22,11617,Sunday,2,5,2016,No Event,No Event,No Event,No Event,0,0,0,8.38,2.0,0.0,0.8571428571428571,0.8997354108424411
HOBBIES_1_181,HOBBIES_1,HOBBIES,CA_1,CA,0.0,2016-05-22,11617,Sunday,2,5,2016,No Event,No Event,No Event,No Event,0,0,0,1.97,0.0,1.0,0.2857142857142857,0.4879500364742671
HOBBIES_1_240,HOBBIES_1,HOBBIES,CA_1,CA,5.0,2016-05-22,11617,Sunday,2,5,2016,No Event,No Event,No Event,No Event,0,0,0,2.88,1.0,1.0,1.1428571428571428,1.0690449676496974
HOBBIES_1_099,HOBBIES_1,HOBBIES,CA_1,CA,2.0,2016-05-22,11617,Sunday,2,5,2016,No Event,No Event,No Event,No Event,0,0,0,13.98,4.0,2.0,1.5714285714285714,1.618347187425372
HOBBIES_1_142,HOBBIES_1,HOBBIES,CA_1,CA,2.0,2016-05-22,11617,Sunday,2,5,2016,No Event,No Event,No Event,No Event,0,0,0,0.94,1.0,5.0,2.142857142857143,1.6761634196950836
HOBBIES_1_305,HOBBIES_1,HOBBIES,CA_1,CA,0.0,2016-05-22,11617,Sunday,2,5,2016,No Event,No Event,No Event,No Event,0,0,0,2.87,0.0,0.0,0.8571428571428571,1.2149857925879115
HOBBIES_1_374,HOBBIES_1,HOBBIES,CA_1,CA,1.0,2016-05-22,11617,Sunday,2,5,2016,No Event,No Event,No Event,No Event,0,0,0,17.48,0.0,2.0,1.4285714285714286,1.5118578920369103
HOBBIES_1_360,HOBBIES_1,HOBBIES,CA_1,CA,0.0,2016-05-22,11617,Sunday,2,5,2016,No Event,No Event,No Event,No Event,0,0,0,14.94,0.0,0.0,0.1428571428571428,0.3779644730092268
HOBBIES_1_048,HOBBIES_1,HOBBIES,CA_1,CA,27.0,2016-05-22,11617,Sunday,2,5,2016,No Event,No Event,No Event,No Event,0,0,0,0.48,20.0,13.0,15.428571428571429,7.546680127869518
HOBBIES_1_028,HOBBIES_1,HOBBIES,CA_1,CA,0.0,2016-05-22,11617,Sunday,2,5,2016,No Event,No Event,No Event,No Event,0,0,0,7.98,0.0,0.0,0.2857142857142857,0.4879500364742672
HOBBIES_1_117,HOBBIES_1,HOBBIES,CA_1,CA,0.0,2016-05-22,11617,Sunday,2,5,2016,No Event,No Event,No Event,No Event,0,0,0,12.68,1.0,0.0,0.2857142857142857,0.4879500364742646
HOBBIES_1_405,HOBBIES_1,HOBBIES,CA_1,CA,2.0,2016-05-22,11617,Sunday,2,5,2016,No Event,No Event,No Event,No Event,0,0,0,12.68,0.0,0.0,0.0,0.0
HOBBIES_1_079,HOBBIES_1,HOBBIES,CA_1,CA,1.0,2016-05-22,11617,Sunday,2,5,2016,No Event,No Event,No Event,No Event,0,0,0,7.88,3.0,2.0,0.8571428571428571,1.214985792587916
HOBBIES_1_156,HOBBIES_1,HOBBIES,CA_1,CA,2.0,2016-05-22,11617,Sunday,2,5,2016,No Event,No Event,No Event,No Event,0,0,0,1.77,0.0,0.0,0.2857142857142857,0.4879500364742591
HOBBIES_1_010,HOBBIES_1,HOBBIES,CA_1,CA,1.0,2016-05-22,11617,Sunday,2,5,2016,No Event,No Event,No Event,No Event,0,0,0,2.97,0.0,1.0,0.7142857142857143,0.7559289460184505
HOBBIES_1_270,HOBBIES_1,HOBBIES,CA_1,CA,1.0,2016-05-22,11617,Sunday,2,5,2016,No Event,No Event,No Event,No Event,0,0,0,4.88,0.0,0.0,0.2857142857142857,0.4879500364742698
HOBBIES_1_123,HOBBIES_1,HOBBIES,CA_1,CA,0.0,2016-05-22,11617,Sunday,2,5,2016,No Event,No Event,No Event,No Event,0,0,0,6.97,1.0,0.0,0.2857142857142857,0.4879500364742608
HOBBIES_1_336,HOBBIES_1,HOBBIES,CA_1,CA,0.0,2016-05-22,11617,Sunday,2,5,2016,No Event,No Event,No Event,No Event,0,0,0,1.88,0.0,0.0,0.0,0.0
HOBBIES_1_044,HOBBIES_1,HOBBIES,CA_1,CA,0.0,2016-05-22,11617,Sunday,2,5,2016,No Event,No Event,No Event,No Event,0,0,0,1.48,2.0,1.0,0.5714285714285714,0.7867957924694468
HOBBIES_1_037,HOBBIES_1,HOBBIES,CA_1,CA,0.0,2016-05-22,11617,Sunday,2,5,2016,No Event,No Event,No Event,No Event,0,0,0,12.44,0.0,4.0,0.5714285714285714,1.5118578920369083
HOBBIES_1_062,HOBBIES_1,HOBBIES,CA_1,CA,1.0,2016-05-22,11617,Sunday,2,5,2016,No Event,No Event,No Event,No Event,0,0,0,0.97,1.0,0.0,0.4285714285714285,0.7867957924694433
HOBBIES_1_163,HOBBIES_1,HOBBIES,CA_1,CA,0.0,2016-05-22,11617,Sunday,2,5,2016,No Event,No Event,No Event,No Event,0,0,0,9.42,1.0,0.0,0.5714285714285714,0.7867957924694418
HOBBIES_1_269,HOBBIES_1,HOBBIES,CA_1,CA,0.0,2016-05-22,11617,Sunday,2,5,2016,No Event,No Event,No Event,No Event,0,0,0,11.73,0.0,0.0,0.2857142857142857,0.4879500364742673
HOBBIES_2_072,HOBBIES_2,HOBBIES,CA_1,CA,0.0,2016-05-22,11617,Sunday,2,5,2016,No Event,No Event,No Event,No Event,0,0,0,7.97,1.0,0.0,0.1428571428571428,0.3779644730092264
HOBBIES_1_346,HOBBIES_1,HOBBIES,CA_1,CA,0.0,2016-05-22,11617,Sunday,2,5,2016,No Event,No Event,No Event,No Event,0,0,0,3.97,3.0,0.0,0.5714285714285714,1.133893419027682
HOBBIES_2_098,HOBBIES_2,HOBBIES,CA_1,CA,0.0,2016-05-22,11617,Sunday,2,5,2016,No Event,No Event,No Event,No Event,0,0,0,0.88,0.0,0.0,0.1428571428571428,0.377964473009217
HOBBIES_1_006,HOBBIES_1,HOBBIES,CA_1,CA,0.0,2016-05-22,11617,Sunday,2,5,2016,No Event,No Event,No Event,No Event,0,0,0,0.96,2.0,0.0,1.1428571428571428,1.864454471471613
HOBBIES_1_373,HOBBIES_1,HOBBIES,CA_1,CA,1.0,2016-05-22,11617,Sunday,2,5,2016,No Event,No Event,No Event,No Event,0,0,0,14.72,1.0,0.0,1.2857142857142858,0.7559289460184533
HOBBIES_1_180,HOBBIES_1,HOBBIES,CA_1,CA,0.0,2016-05-22,11617,Sunday,2,5,2016,No Event,No Event,No Event,No Event,0,0,0,19.98,0.0,0.0,0.2857142857142857,0.4879500364742661
HOBBIES_2_078,HOBBIES_2,HOBBIES,CA_1,CA,0.0,2016-05-22,11617,Sunday,2,5,2016,No Event,No Event,No Event,No Event,0,0,0,5.97,0.0,0.0,0.1428571428571428,0.3779644730092287
HOBBIES_1_235,HOBBIES_1,HOBBIES,CA_1,CA,1.0,2016-05-22,11617,Sunday,2,5,2016,No Event,No Event,No Event,No Event,0,0,0,12.98,5.0,0.0,0.7142857142857143,1.8898223650461348
HOBBIES_1_191,HOBBIES_1,HOBBIES,CA_1,CA,0.0,2016-05-22,11617,Sunday,2,5,2016,No Event,No Event,No Event,No Event,0,0,0,8.97,1.0,0.0,0.2857142857142857,0.4879500364742668
HOBBIES_1_241,HOBBIES_1,HOBBIES,CA_1,CA,6.0,2016-05-22,11617,Sunday,2,5,2016,No Event,No Event,No Event,No Event,0,0,0,19.94,5.0,3.0,4.142857142857143,1.6761634196950634
HOBBIES_2_048,HOBBIES_2,HOBBIES,CA_1,CA,0.0,2016-05-22,11617,Sunday,2,5,2016,No Event,No Event,No Event,No Event,0,0,0,2.88,0.0,0.0,0.0,0.0
HOBBIES_1_377,HOBBIES_1,HOBBIES,CA_1,CA,1.0,2016-05-22,11617,Sunday,2,5,2016,No Event,No Event,No Event,No Event,0,0,0,9.98,0.0,1.0,0.4285714285714285,0.5345224838248491
HOBBIES_1_411,HOBBIES_1,HOBBIES,CA_1,CA,0.0,2016-05-22,11617,Sunday,2,5,2016,No Event,No Event,No Event,No Event,0,0,0,1.34,2.0,0.0,0.4285714285714285,0.7867957924694414
HOBBIES_2_079,HOBBIES_2,HOBBIES,CA_1,CA,0.0,2016-05-22,11617,Sunday,2,5,2016,No Event,No Event,No Event,No Event,0,0,0,2.47,0.0,0.0,0.0,0.0
HOBBIES_2_096,HOBBIES_2,HOBBIES,CA_1,CA,0.0,2016-05-22,11617,Sunday,2,5,2016,No Event,No Event,No Event,No Event,0,0,0,2.77,0.0,0.0,0.0,0.0
HOBBIES_2_028,HOBBIES_2,HOBBIES,CA_1,CA,2.0,2016-05-22,11617,Sunday,2,5,2016,No Event,No Event,No Event,No Event,0,0,0,0.88,2.0,0.0,0.7142857142857143,0.7559289460184484
HOBBIES_1_141,HOBBIES_1,HOBBIES,CA_1,CA,5.0,2016-05-22,11617,Sunday,2,5,2016,No Event,No Event,No Event,No Event,0,0,0,13.98,1.0,4.0,2.4285714285714284,1.3972762620115398
HOBBIES_1_306,HOBBIES_1,HOBBIES,CA_1,CA,1.0,2016-05-22,11617,Sunday,2,5,2016,No Event,No Event,No Event,No Event,0,0,0,13.98,0.0,3.0,1.1428571428571428,1.3451854182690988
HOBBIES_1_376,HOBBIES_1,HOBBIES,CA_1,CA,0.0,2016-05-22,11617,Sunday,2,5,2016,No Event,No Event,No Event,No Event,0,0,0,16.86,1.0,1.0,0.7142857142857143,0.7559289460184534
HOBBIES_1_229,HOBBIES_1,HOBBIES,CA_1,CA,1.0,2016-05-22,11617,Sunday,2,5,2016,No Event,No Event,No Event,No Event,0,0,0,6.47,0.0,0.0,0.0,0.0
HOBBIES_1_267,HOBBIES_1,HOBBIES,CA_1,CA,0.0,2016-05-22,11617,Sunday,2,5,2016,No Event,No Event,No Event,No Event,0,0,0,2.88,0.0,0.0,0.2857142857142857,0.4879500364742666
HOBBIES_1_334,HOBBIES_1,HOBBIES,CA_1,CA,1.0,2016-05-22,11617,Sunday,2,5,2016,No Event,No Event,No Event,No Event,0,0,0,5.98,0.0,2.0,0.4285714285714285,0.7867957924694425
HOBBIES_1_124,HOBBIES_1,HOBBIES,CA_1,CA,0.0,2016-05-22,11617,Sunday,2,5,2016,No Event,No Event,No Event,No Event,0,0,0,5.98,1.0,1.0,1.1428571428571428,1.345185418269104
HOBBIES_1_155,HOBBIES_1,HOBBIES,CA_1,CA,3.0,2016-05-22,11617,Sunday,2,5,2016,No Event,No Event,No Event,No Event,0,0,0,18.98,2.0,9.0,3.0,3.109126351029606
HOBBIES_1_018,HOBBIES_1,HOBBIES,CA_1,CA,0.0,2016-05-22,11617,Sunday,2,5,2016,No Event,No Event,No Event,No Event,0,0,0,11.88,1.0,0.0,0.2857142857142857,0.4879500364742665
HOBBIES_2_091,HOBBIES_2,HOBBIES,CA_1,CA,0.0,2016-05-22,11617,Sunday,2,5,2016,No Event,No Event,No Event,No Event,0,0,0,0.97,0.0,0.0,0.1428571428571428,0.3779644730092013
HOBBIES_1_205,HOBBIES_1,HOBBIES,CA_1,CA,0.0,2016-05-22,11617,Sunday,2,5,2016,No Event,No Event,No Event,No Event,0,0,0,5.88,0.0,1.0,0.1428571428571428,0.3779644730092268
HOBBIES_1_335,HOBBIES_1,HOBBIES,CA_1,CA,1.0,2016-05-22,11617,Sunday,2,5,2016,No Event,No Event,No Event,No Event,0,0,0,11.96,2.0,0.0,0.5714285714285714,0.7867957924694416
HOBBIES_1_164,HOBBIES_1,HOBBIES,CA_1,CA,1.0,2016-05-22,11617,Sunday,2,5,2016,No Event,No Event,No Event,No Event,0,0,0,8.97,2.0,1.0,1.5714285714285714,0.7867957924694415
HOBBIES_1_268,HOBBIES_1,HOBBIES,CA_1,CA,0.0,2016-05-22,11617,Sunday,2,5,2016,No Event,No Event,No Event,No Event,0,0,0,0.48,1.0,2.0,3.4285714285714284,5.711308748355969
HOBBIES_2_042,HOBBIES_2,HOBBIES,CA_1,CA,0.0,2016-05-22,11617,Sunday,2,5,2016,No Event,No Event,No Event,No Event,0,0,0,0.74,1.0,0.0,3.142857142857143,4.180453381654968
HOBBIES_2_029,HOBBIES_2,HOBBIES,CA_1,CA,0.0,2016-05-22,11617,Sunday,2,5,2016,No Event,No Event,No Event,No Event,0,0,0,2.88,0.0,2.0,0.2857142857142857,0.7559289460184563
HOBBIES_2_061,HOBBIES_2,HOBBIES,CA_1,CA,1.0,2016-05-22,11617,Sunday,2,5,2016,No Event,No Event,No Event,No Event,0,0,0,1.97,0.0,0.0,0.0,0.0
HOBBIES_2_015,HOBBIES_2,HOBBIES,CA_1,CA,2.0,2016-05-22,11617,Sunday,2,5,2016,No Event,No Event,No Event,No Event,0,0,0,2.47,1.0,0.0,0.1428571428571428,0.377964473009227
HOBBIES_1_404,HOBBIES_1,HOBBIES,CA_1,CA,7.0,2016-05-22,11617,Sunday,2,5,2016,No Event,No Event,No Event,No Event,0,0,0,0.48,4.0,6.0,5.0,2.9439202887759257
HOBBIES_1_375,HOBBIES_1,HOBBIES,CA_1,CA,0.0,2016-05-22,11617,Sunday,2,5,2016,No Event,No Event,No Event,No Event,0,0,0,9.88,0.0,0.0,0.0,0.0
HOBBIES_1_098,HOBBIES_1,HOBBIES,CA_1,CA,0.0,2016-05-22,11617,Sunday,2,5,2016,No Event,No Event,No Event,No Event,0,0,0,13.98,0.0,0.0,0.5714285714285714,1.1338934190276817
HOBBIES_2_036,HOBBIES_2,HOBBIES,CA_1,CA,1.0,2016-05-22,11617,Sunday,2,5,2016,No Event,No Event,No Event,No Event,0,0,0,0.97,0.0,0.0,0.2857142857142857,0.7559289460184475
HOBBIES_2_007,HOBBIES_2,HOBBIES,CA_1,CA,0.0,2016-05-22,11617,Sunday,2,5,2016,No Event,No Event,No Event,No Event,0,0,0,0.97,1.0,2.0,0.4285714285714285,0.7867957924694455
HOBBIES_1_282,HOBBIES_1,HOBBIES,CA_1,CA,3.0,2016-05-22,11617,Sunday,2,5,2016,No Event,No Event,No Event,No Event,0,0,0,3.98,3.0,1.0,1.2857142857142858,1.3801311186847072
HOBBIES_1_352,HOBBIES_1,HOBBIES,CA_1,CA,1.0,2016-05-22,11617,Sunday,2,5,2016,No Event,No Event,No Event,No Event,0,0,0,2.74,1.0,3.0,1.1428571428571428,1.069044967649696
